title,location,company,contract_type,experience_level,url,description
Java SDET,"Hyderabad, Pune",Capgemini Engineering,Permanent,Experienced Professionals,https://careers.capgemini.com/job/Hyderabad-Java-SDET/1410905833/?feedId=388633&utm_source=CareerSite&tcsource=apply,"Choosing Capgemini means choosing a company where you will be empowered to shape your career in the way you’d like, where you’ll be supported and inspired by a collaborative community of colleagues around the world, and where you’ll be able to reimagine what’s possible. Join us and help the world’s leading organizations unlock the value of technology and build a more sustainable, more inclusive world.Your Role Develop, execute, and maintain Selenium WebDriver automation scripts using Java.Design and implement automation frameworks using BDD and TestNG API testing using Rest Assured Analyze requirements, identify test scenarios, and automate functional UI test cases.Perform cross-browser testing and validation across multiple environments. Debug automation failures, report defects, and collaborate with development teams for issue resolution.Integrate automated test suites with CI/CD pipelines using tools such as Jenkins, GitHub Actions, or Azure DevOps. Your Profile6–8 years of experience in Automation Testing with strong expertise in Java, Selenium, and API Testing.Strong proficiency in Core Java including OOP concepts, Exception Handling, Collections, Streams, and Multithreading concepts.Hands-on experience with Selenium WebDriver, including locators, waits, handling dynamic elements, alerts, frames, and browser interactions.Experience with API testing using Rest AssuredExperience with TestNG or JUnit for test execution, reporting, and suite management.Knowledge of Maven or Gradle for build and dependency management.Experience using Git for source code management and version control. What will you love working at Capgemini?Opportunity to work on cutting‑edge automation frameworks with modern tools like Selenium, and Rest Assured.Exposure to global Agile delivery teams and enterprise‑level automation pipelines.Structured learning programs, certifications, and continuous upskilling opportunities.Collaborative and innovation-led culture focused on engineering excellence and quality‑first delivery. Capgemini is an AI-powered global business and technology transformation partner, delivering tangible business value. We imagine the future of organizations and make it real with AI, technology and people. With our strong heritage of nearly 60 years, we are a responsible and diverse group of 420,000 team members in more than 50 countries. We deliver end-to-end services and solutions with our deep industry expertise and strong partner ecosystem, leveraging our capabilities across strategy, technology, design, engineering and business operations. The Group reported 2024 global revenues of €22.1 billion.Make it real | www.capgemini.com"
Java AWS Developer,"Chennai (ex Madras), Hyderabad, Bangalore, Pune",Capgemini,Permanent,Experienced Professionals,https://careers.capgemini.com/job/Pune-Java-AWS-Developer/1399283733/?feedId=388633&utm_source=CareerSite&tcsource=apply,"Choosing Capgemini means choosing a company where you will be empowered to shape your career in the way you’d like, where you’ll be supported and inspired by a collaborative community of colleagues around the world, and where you’ll be able to reimagine what’s possible. Join us and help the world’s leading organizations unlock the value of technology and build a more sustainable, more inclusive world. Your RoleWe are looking for an experienced Java AWS Developer - 6 Years to 12 Years  to design, develop, and maintain scalable, secure, and high-performance backend systems. You will work on microservices architecture, RESTful APIs, and cloud-native solutions, collaborating with cross-functional teams to deliver enterprise-grade applicationsYour ProfileDevelop scalable backend services and REST APIs using Java (8+), Spring Boot, and microservices, with strong focus on clean architecture and performance.Implement business logic, database integrations (SQL/NoSQL), security features (Spring Security, OAuth2, JWT), and high‑quality testing (JUnit, Mockito).Collaborate effectively with cross‑functional teams and participate in code reviews, troubleshooting, and production support.Work with CI/CD pipelines.Docker/Kubernetes, cloud platforms, and monitoring tools; exposure to event‑driven and distributed systems.Strong problem‑solving, communication, adaptability, and mentoring skills, with a solid foundation in modern software engineering practicesWhat you'll love about working hereYou can shape your career with us. We offer a range of career paths and internal opportunities within Capgemini group. You will also get personalized career guidance from our leaders.You will get comprehensive wellness benefits including health checks, telemedicine, insurance with top-ups, elder care, partner coverage or new parent support via flexible work.At Capgemini, you can work on cutting-edge projects in tech and engineering with industry leaders or create solutions to overcome societal and environmental challenges.Capgemini is an AI-powered global business and technology transformation partner, delivering tangible business value. We imagine the future of organizations and make it real with AI, technology and people. With our strong heritage of nearly 60 years, we are a responsible and diverse group of 420,000 team members in more than 50 countries. We deliver end-to-end services and solutions with our deep industry expertise and strong partner ecosystem, leveraging our capabilities across strategy, technology, design, engineering and business operations. The Group reported 2024 global revenues of €22.1 billion.Make it real | www.capgemini.com"
Java Fullstack Developer (Java + Angular/React JS),"Chennai (ex Madras), Hyderabad, Bangalore, Pune",Capgemini,Permanent,Experienced Professionals,https://careers.capgemini.com/job/Pune-Java-Fullstack-Developer-%28Java-%2B-AngularReact-JS%29/1419192633/?feedId=388633&utm_source=CareerSite&tcsource=apply,"Your RoleWe are looking for an experienced Java Fullstack Developer (Java + Angular/ ReactJS) - 6 Years to 12 Years  to design, develop, and maintain scalable, secure, and high-performance backend systems. You will work on microservices architecture, RESTful APIs, and cloud-native solutions, collaborating with cross-functional teams to deliver enterprise-grade applicationsyour ProfileDevelop scalable backend services and REST APIs using Java (8+), Spring Boot, and microservices, with strong focus on clean architecture and performance.Experience in Front-end technologies like - Angular or ReactJSImplement business logic, database integrations (SQL/NoSQL), security features (Spring Security, OAuth2, JWT), and high‑quality testing (JUnit, Mockito).Collaborate effectively with cross‑functional teams and participate in code reviews, troubleshooting, and production support.Work with CI/CD pipelines.Docker/Kubernetes, cloud platforms, and monitoring tools; exposure to event‑driven and distributed systems.Strong problem‑solving, communication, adaptability, and mentoring skills, with a solid foundation in modern software engineering practicesWhat you'll love about working hereYou can shape your career with us. We offer a range of career paths and internal opportunities within Capgemini group. You will also get personalized career guidance from our leaders.You will get comprehensive wellness benefits including health checks, telemedicine, insurance with top-ups, elder care, partner coverage or new parent support via flexible work.At Capgemini, you can work on cutting-edge projects in tech and engineering with industry leaders or create solutions to overcome societal and environmental challenges.For this role, the gross annual starting base salary is [X] [currency] (full-time). This covers base pay only; any bonuses, incentives, and benefits will be discussed later in the recruitment process. Candidates with additional experience or qualifications may receive a higher offer, determined by objective, gender-neutral criteria and consistent with our pay principles. If a collective labour agreement applies, we will explain the relevant pay terms at the interview stage. Note: We never ask for your current or previous salary during our hiring process."
Java Full Stack Developer (Angular),Bangalore,Capgemini,Permanent,Experienced Professionals,https://careers.capgemini.com/job/Bangalore-Java-Full-Stack-Developer-%28Angular%29/1411794033/?feedId=388633&utm_source=CareerSite&tcsource=apply,"Choosing Capgemini means choosing a company where you will be empowered to shape your career in the way you’d like, where you’ll be supported and inspired by a collaborative community of colleagues around the world, and where you’ll be able to reimagine what’s possible. Join us and help the world’s leading organizations unlock the value of technology and build a more sustainable, more inclusive world. Job DescriptionJava Full Stack Developer (6+ yrs) with strong experience in Java, Spring Boot, Microservices, REST APIs, and Angular. Key Responsibilities:Develop and maintain full-stack applications using Java (Spring Boot) and Angular.Design and build scalable microservices architecture.Develop and consume RESTful APIs.Work on frontend UI development using Angular. Mandatory Skills:Strong experience in Java + Spring Boot.Hands-on with Microservices architecture.Experience in REST API development.Strong frontend experience in Angular (8+).Good knowledge of JavaScript, HTML, CSS.Experience with databases (SQL/Postgres/MySQL) Job Description - Grade SpecificJava Full Stack Developer (6+ yrs) with strong experience in Java, Spring Boot, Microservices, REST APIs, and Angular. Key Responsibilities:Develop and maintain full-stack applications using Java (Spring Boot) and Angular.Design and build scalable microservices architecture.Develop and consume RESTful APIs.Work on frontend UI development using Angular. Mandatory Skills:Strong experience in Java + Spring Boot.Hands-on with Microservices architecture.Experience in REST API development.Strong frontend experience in Angular (8+).Good knowledge of JavaScript, HTML, CSS.Experience with databases (SQL/Postgres/MySQL) Capgemini is an AI-powered global business and technology transformation partner, delivering tangible business value. We imagine the future of organizations and make it real with AI, technology and people. With our strong heritage of nearly 60 years, we are a responsible and diverse group of 420,000 team members in more than 50 countries. We deliver end-to-end services and solutions with our deep industry expertise and strong partner ecosystem, leveraging our capabilities across strategy, technology, design, engineering and business operations. The Group reported 2024 global revenues of €22.1 billion.Make it real | www.capgemini.com"
SDET( Selenium+Java+API Testing + Rest assured),"Pune, Mumbai (ex Bombay), Hyderabad, Bangalore",Capgemini,Permanent,Experienced Professionals,https://careers.capgemini.com/job/Pune-SDET%28-Selenium%2BJava%2BAPI-Testing-%2B-Rest-assured%29/1419599333/?feedId=388633&utm_source=CareerSite&tcsource=apply,"Your RoleDesign, develop, and execute automated test scripts using Selenium IDE and other test automation frameworks.Perform automated API testing using tools like Postman, RestAssured, or similar.Conduct functional testing, integration testing, and regression testing across web and API layers.Analyze business and technical requirements to create detailed test cases and automation scenarios.Collaborate closely with developers, product owners, and QA leads to ensure comprehensive test coverage.Review source code, participate in code discussions, and contribute to continuous improvement of automation frameworks.Work with integrated development environments (IDEs) such as VS Code, IntelliJ, Eclipse, or similar.Your Profile6+yrs strong programming skills in Java, with a solid understanding of automation best practicesStrong hands‑on experience with Selenium IDE for UI automation.Experience in automated API testing (Postman, Swagger, RestAssured, SOAP UI, etc.).Proficient in one programming language (Java/Python/JavaScript).Good understanding of functional testing, integration testing, and SDLC/STLC concepts.Experience working with source code editors and IDEs like VS Code, Eclipse, IntelliJ.Solid knowledge of test automation, test design techniques, and script maintenance.What will you love working at Capgemini?Exposure to global Agile delivery teams and enterprise‑level automation pipelines.Structured learning programs, certifications, and continuous upskilling opportunities.Collaborative and innovation-led culture focused on engineering excellence and quality‑first delivery.  "
Risk and Finance Data Consultant (JAVA + GEN AI),"Pune, Hyderabad",Capgemini Invent,Permanent,Experienced Professionals,https://careers.capgemini.com/job/Hyderabad-Risk-and-Finance-Data-Consultant-%28JAVA-%2B-GEN-AI%29/1416929933/?feedId=388633&utm_source=CareerSite&tcsource=apply,"At Capgemini Invent, we believe difference drives change. As inventive transformation consultants, we blend our strategic, creative and scientific capabilities, collaborating closely with clients to deliver cutting-edge solutions. Join us to drive transformation tailored to our client's challenges of today and tomorrow. Informed and validated by science and data. Superpowered by creativity and design. All underpinned by technology created with purpose.Your RoleSolid understanding of Data Structures and Algorithms, with practical exposure to Generative AI concepts and applications.Proven experience in developing and deploying Java and generative AI models.Excellent communication and collaboration skills.Demonstrated problem-solving ability with a strong engineering mindset and attention to scalable, high-quality solutions.Your ProfileMinimum 7+ years of hands-on experience in software development. Solid understanding of Data Structures and Algorithms, with practical exposure to Generative AI concepts and applications.Experience with Large Language Models (LLMs) and experience or understanding of Retrieval-Augmented Generation (RAG) frameworks.Strong experience in Database Management, including hands-on work with SQL and Relational Database Management Systems (RDBMS).Experience in Java, with strong expertise in Spring Framework / Spring Boot, building RESTful APIs, and working within Microservices architecture. What you'll love about working hereWe recognize the significance of flexible work arrangements to provide support.Be it remote work, or flexible work hours, you will get an environment to maintain healthy work life balance.At the heart of our mission is your career growth. Our array of career growth programs and diverse professions are crafted to support you in exploring a world of opportunities.Equip yourself with valuable certifications in the latest technologies such as Generative AI.Capgemini is a global business and technology transformation partner, helping organizations to accelerate their dual transition to a digital and sustainable world, while creating tangible impact for enterprises and society. It is a responsible and diverse group of 340,000 team members in more than 50 countries. With its strong over 55-year heritage, Capgemini is trusted by its clients to unlock the value of technology to address the entire breadth of their business needs. It delivers end-to-end services and solutions leveraging strengths from strategy and design to engineering, all fueled by its market leading capabilities in AI, generative AI, cloud and data, combined with its deep industry expertise and partner ecosystem."
Java GCP,Bangalore,Capgemini,Permanent,Experienced Professionals,https://careers.capgemini.com/job/Bangalore-Java-GCP/1411752633/?feedId=388633&utm_source=CareerSite&tcsource=apply,"Your RoleDesign, develop, and implement scalable microservices-based applications using Java, Spring Boot, and related technologies.Build and maintain RESTful APIs with a focus on performance, security, and scalability.Collaborate with architecture, DevOps, and business teams to deliver robust enterprise solutions.Support application enhancements, bug fixes, production issues, and change requests.Participate in solution design, effort estimation, code reviews, testing, and deployment activities.Implement and maintain CI/CD pipelines and containerized deployments.Document technical solutions and contribute to continuous improvement initiatives.Work within Agile/Scrum teams to deliver high-quality software solutions. Your ProfileExperience in Java application development and microservices architecture.Strong hands-on expertise in Java 8+, Spring Boot, REST Services, XML, and JSON.Mandatory experience with IBM WebSphere Development.Experience with Spring, Struts, Angular, and API-driven application development.Strong knowledge of SQL and NoSQL databases.Hands-on experience with Docker, Kubernetes, Git, Message Queues, and Caching Technologies.Experience with Swagger, Maven/Gradle, Jenkins, and CI/CD pipelines.Exposure to AWS and/or GCP cloud environments.Strong debugging, problem-solving, and production support experience.Excellent communication skills with the ability to work effectively in cross-functional teams.What you will love about working hereWe’re committed to ensure that people of all backgrounds feel encouraged and have a sense of belonging at Capgemini. You are valued for who you are, and you can bring your original self to work.Every Monday, kick off the week with a musical performance by our in-house band - The Rubber Band. Also get to participate in internal sports events, yoga challenges, or marathons.At Capgemini, you can work on cutting-edge projects in tech and engineering with industry leaders or create solutions to overcome societal and environmental challenges. "
Java Fullstack (Java with React),Bangalore,Capgemini,Permanent,Executives,https://careers.capgemini.com/job/Bangalore-Java-Fullstack-%28Java-with-React%29/1417170833/?feedId=388633&utm_source=CareerSite&tcsource=apply,"At Capgemini Engineering, the world leader in engineering services, we bring together a global team of engineers, scientists, and architects to help the world’s most innovative companies unleash their potential. From autonomous cars to life-saving robots, our digital and software technology experts think outside the box as they provide unique R&D and engineering services across all industries. Join us for a career full of opportunities. Where you can make a difference. Where no two days are the same.Java Fullstack ReactYour RoleDevelop and maintain scalable full-stack applications using Java, Spring Boot, Microservices, React.js, and REST APIs.Build responsive front-end components and integrate them with secure, high-performance backend services.Collaborate with cross-functional teams to deliver high-quality software using Agile/Scrum methodologies.Troubleshoot, optimize, and enhance application performance while ensuring code quality through testing and best practices.Your Profile4–8 years of hands-on experience in Java, Spring Boot, React.js, Microservices, REST APIs, and SQL/NoSQL databases.Strong understanding of object-oriented programming, design patterns, and front-end development concepts.Experience with Git, CI/CD pipelines, cloud platforms (AWS/Azure/GCP), and containerization tools like Docker/Kubernetes is preferred.Excellent problem-solving, communication, and teamwork skills with the ability to work in a fast-paced environment.What you'll love about working hereYou can shape your career with us. We offer a range of career paths and internal opportunities within Capgemini group. You will also get personalized career guidance from our leaders. You will get comprehensive wellness benefits including health checks, telemedicine, insurance with top-ups, elder care, partner coverage or new parent support via flexible work. At Capgemini, you can work on cutting-edge projects in tech and engineering with industry leaders or create solutions to overcome societal and environmental challenges.  Capgemini is a global business and technology transformation partner, helping organizations to accelerate their dual transition to a digital and sustainable world, while creating tangible impact for enterprises and society. It is a responsible and diverse group of 340,000 team members in more than 50 countries. With its strong over 55-year heritage, Capgemini is trusted by its clients to unlock the value of technology to address the entire breadth of their business needs. It delivers end-to-end services and solutions leveraging strengths from strategy and design to engineering, all fueled by its market leading capabilities in AI, generative AI, cloud and data, combined with its deep industry expertise and partner ecosystem."
Java Fullstack Angular,Mumbai (ex Bombay),Capgemini,Permanent,Experienced Professionals,https://careers.capgemini.com/job/Mumbai-%28ex-Bombay%29-Java-Fullstack-Angular/1412083533/?feedId=388633&utm_source=CareerSite&tcsource=apply,"Choosing Capgemini means choosing a company where you will be empowered to shape your career in the way you’d like, where you’ll be supported and inspired by a collaborative community of colleagues around the world, and where you’ll be able to reimagine what’s possible. Join us and help the world’s leading organizations unlock the value of technology and build a more sustainable, more inclusive world.Your RoleDesign, develop, and maintain scalable web applications using Angular on the front end and Java/Spring Boot on the back end.Build responsive and reusable UI components, ensuring an excellent user experience across devices.Develop and consume RESTful APIs, integrating front-end applications with backend services and databases.Collaborate with cross-functional teams including Product Owners, Architects, QA, and DevOps to deliver high-quality solutions.Participate in code reviews, troubleshooting, performance optimization, and implementation of best development practices.Your ProfileWork in an Agile/Scrum environment, contributing to sprint planning, stand-ups, and retrospectives.Continuously learn and adopt modern technologies, frameworks, and development methodologies.Take ownership of features from requirement analysis through development, testing, and production deployment.Collaborate with global teams and stakeholders to solve complex business challenges.Contribute to a culture of innovation, quality, teamwork, and continuous improvement while building enterprise-grade applications.What you will love about working hereYou can shape your career with us. We offer a range of career paths and internal opportunities within Capgemini group. You will also get personalized career guidance from our leaders.You will get comprehensive wellness benefits including health checks, telemedicine, insurance with top-ups, elder care, partner coverage or new parent support via flexible work. You will have the opportunity to learn on one of the industry's largest digital learning platforms, with access to 250,000+ courses and numerous certifications.Capgemini is an AI-powered global business and technology transformation partner, delivering tangible business value. We imagine the future of organizations and make it real with AI, technology and people. With our strong heritage of nearly 60 years, we are a responsible and diverse group of 420,000 team members in more than 50 countries. We deliver end-to-end services and solutions with our deep industry expertise and strong partner ecosystem, leveraging our capabilities across strategy, technology, design, engineering and business operations. The Group reported 2024 global revenues of €22.1 billion.Make it real | www.capgemini.com"
GCP Gravitee .NET/Java Offshore,Navi Mumbai,Capgemini,Permanent,Experienced Professionals,https://careers.capgemini.com/job/Navi-Mumbai-GCP-Gravitee-_NETJava-Offshore/1412170933/?feedId=388633&utm_source=CareerSite&tcsource=apply,"Choosing Capgemini means choosing a company where you will be empowered to shape your career in the way you’d like, where you’ll be supported and inspired by a collaborative community of colleagues around the world, and where you’ll be able to reimagine what’s possible. Join us and help the world’s leading organizations unlock the value of technology and build a more sustainable, more inclusive world.Your RoleDevelop, deploy, and maintain cloud-native applications and APIs using Java (.NET/Core or Spring Boot) on Google Cloud Platform (GCP).Configure, manage, and support Gravitee API Management/Gateway solutions, including API security, traffic management, and monitoring.Design and implement scalable microservices architectures leveraging GCP services such as GKE, Cloud Run, Pub/Sub, and Cloud SQL.Collaborate with DevOps and cross-functional teams to build and maintain CI/CD pipelines, containerized deployments, and cloud automation.Troubleshoot production issues, perform root cause analysis, and ensure application reliability, performance, and security.Your ProfileProven experience in Java (Spring Boot) or .NET Core application development and REST API design.Hands-on expertise with Google Cloud Platform (GCP) services and cloud-native application deployment.Strong knowledge of Gravitee API Management, API Gateway configuration, API security policies, and integration patterns.Experience with Docker, Kubernetes, CI/CD tools, and microservices-based architectures.Excellent communication, problem-solving, and stakeholder management skills, with the ability to work effectively in an offshore/global delivery environment.What you will love about working hereYou can shape your career with us. We offer a range of career paths and internal opportunities within Capgemini group. You will also get personalized career guidance from our leaders.You will get comprehensive wellness benefits including health checks, telemedicine, insurance with top-ups, elder care, partner coverage or new parent support via flexible work. You will have the opportunity to learn on one of the industry's largest digital learning platforms, with access to 250,000+ courses and numerous certifications. Capgemini is an AI-powered global business and technology transformation partner, delivering tangible business value. We imagine the future of organizations and make it real with AI, technology and people. With our strong heritage of nearly 60 years, we are a responsible and diverse group of 420,000 team members in more than 50 countries. We deliver end-to-end services and solutions with our deep industry expertise and strong partner ecosystem, leveraging our capabilities across strategy, technology, design, engineering and business operations. The Group reported 2024 global revenues of €22.1 billion.Make it real | www.capgemini.com"
Java AWS,Bangalore,Capgemini,Permanent,Experienced Professionals,https://careers.capgemini.com/job/Bangalore-Java-AWS/1412152633/?feedId=388633&utm_source=CareerSite&tcsource=apply,"Choosing Capgemini means choosing a company where you will be empowered to shape your career in the way you’d like, where you’ll be supported and inspired by a collaborative community of colleagues around the world, and where you’ll be able to reimagine what’s possible. Join us and help the world’s leading organizations unlock the value of technology and build a more sustainable, more inclusive worldYour RoleDesign, develop, and maintain scalable Java 11+ based applications using Spring Boot and Microservices architecture.Lead application modernization initiatives, including transition to containerized environments and adoption of cloud-native solutions.Develop and consume REST APIs while ensuring high performance, security, and reliability of services.Collaborate with cross-functional teams to prioritize tasks, track project progress, resolve technical issues, and ensure timely delivery.Mentor and guide team members through code reviews, knowledge sharing, and best engineering practices to improve team effectiveness.Your Profile6-9 years of experience in Java development with strong expertise in Java 11+, Spring Boot, and Microservices.Hands-on experience in building RESTful services along with strong knowledge of SQL, PostgreSQL, JPA, and Hibernate.Good understanding of containerization technologies (Docker/Kubernetes) and exposure to AWS cloud services.Strong experience in unit testing frameworks (JUnit, Mockito) and implementing quality-driven development practices.Proven ability to lead technical teams, manage deliverables, troubleshoot complex issues, and drive projects independently.What you will love about working hereWe’re committed to ensure that people of all backgrounds feel encouraged and have a sense of belonging at Capgemini. You are valued for who you are, and you can bring your original self to work.Every Monday, kick off the week with a musical performance by our in-house band - The Rubber Band. Also get to participate in internal sports events, yoga challenges, or marathons.At Capgemini, you can work on cutting-edge projects in tech and engineering with industry leaders or create solutions to overcome societal and environmental challenges.Capgemini is an AI-powered global business and technology transformation partner, delivering tangible business value. We imagine the future of organizations and make it real with AI, technology and people. With our strong heritage of nearly 60 years, we are a responsible and diverse group of 420,000 team members in more than 50 countries. We deliver end-to-end services and solutions with our deep industry expertise and strong partner ecosystem, leveraging our capabilities across strategy, technology, design, engineering and business operations. The Group reported 2024 global revenues of €22.1 billion.Make it real | www.capgemini.com"
GCP+Java+Springboot+Microservices,Bangalore,Capgemini,Permanent,Experienced Professionals,https://careers.capgemini.com/job/Bangalore-GCP%2BJava%2BSpringboot%2BMicroservices/1365692033/?feedId=388633&utm_source=CareerSite&tcsource=apply,"Choosing Capgemini means choosing a company where you will be empowered to shape your career in the way you’d like, where you’ll be supported and inspired by a collaborative community of colleagues around the world, and where you’ll be able to reimagine what’s possible. Join us and help the world’s leading organizations unlock the value of technology and build a more sustainable, more inclusive world.Your RoleDesign and build cloud solutions on GCP Develop applications using Java, Python, Spring Boot, microservices Migrate on‑prem apps to GCP Work with Cloud Run, Pub/Sub, Dataflow, GKE, Compute Engine Use Terraform for infrastructure automation Debug and optimize distributed systems Contribute across all SDLC phases Create technical and design documentationYour ProfileGCP-focused Cloud Developer with Java & Python expertise Strong in Spring Boot, microservices, API development Experienced with Cloud Run, Pub/Sub, Dataflow, GKE Skilled in Terraform and cloud automation Capable in cloud migrations and distributed system debugging Hands-on with Docker, Kubernetes, and CI/CD Continuous learner with interest in GCP certificationsWhat you'll love about working hereWe’re committed to ensure that people of all backgrounds feel encouraged and have a sense of belonging at Capgemini. You are valued for who you are, and you can bring your original self to work.Every Monday, kick off the week with a musical performance by our in-house band - The Rubber Band. Also get to participate in internal sports events, yoga challenges, or marathons.At Capgemini, you can work on cutting-edge projects in tech and engineering with industry leaders or create solutions to overcome societal and environmental challenges.  Capgemini is an AI-powered global business and technology transformation partner, delivering tangible business value. We imagine the future of organizations and make it real with AI, technology and people. With our strong heritage of nearly 60 years, we are a responsible and diverse group of 420,000 team members in more than 50 countries. We deliver end-to-end services and solutions with our deep industry expertise and strong partner ecosystem, leveraging our capabilities across strategy, technology, design, engineering and business operations. The Group reported 2024 global revenues of €22.1 billion.Make it real | www.capgemini.com"
Java Developer,Pune,Capgemini,Permanent,Experienced Professionals,https://careers.capgemini.com/job/Pune-Java-Developer/1415488333/?feedId=388633&utm_source=CareerSite&tcsource=apply,"Choosing Capgemini means choosing a company where you will be empowered to shape your career in the way you’d like, where you’ll be supported and inspired by a collaborative community of colleagues around the world, and where you’ll be able to reimagine what’s possible. Join us and help the world’s leading organizations unlock the value of technology and build a more sustainable, more inclusive world. Your RoleDesign, develop, and maintain scalable, high-performance Java-based applications using Core Java, Spring Boot, and Microservices architecture.Develop and consume RESTful APIs, ensuring secure and efficient integration with internal and external systems.Collaborate with cross-functional teams including Business Analysts, QA, DevOps, and Product Owners to deliver robust software solutions.Troubleshoot, debug, and optimize application performance while ensuring adherence to coding standards and best practices.Participate in code reviews, unit testing, CI/CD processes, and support application deployment and production incidents.Your ProfileStrong hands-on experience in Core Java, Spring Boot, Spring MVC, Hibernate/JPA, Microservices, and REST APIs.Proficiency in developing scalable, high-performance applications following object-oriented programming and design principles.Experience working with databases such as Oracle, SQL Server, MySQL, or PostgreSQL, including complex SQL query optimization.Familiarity with Git, Maven, Jenkins, Docker, Kubernetes, and CI/CD pipelines in Agile development environments.Exposure to Cloud platforms (AWS/Azure/GCP), messaging tools (Kafka/RabbitMQ), and modern software development best practices is preferred.What you will love about working hereYou can shape your career with us. We offer a range of career paths and internal opportunities within Capgemini group. You will also get personalized career guidance from our leaders.You will get comprehensive wellness benefits including health checks, telemedicine, insurance with top-ups, elder care, partner coverage or new parent support via flexible work.At Capgemini, you can work on cutting-edge projects in tech and engineering with industry leaders or create solutions to overcome societal and environmental challenges.Capgemini is an AI-powered global business and technology transformation partner, delivering tangible business value. We imagine the future of organizations and make it real with AI, technology and people. With our strong heritage of nearly 60 years, we are a responsible and diverse group of 420,000 team members in more than 50 countries. We deliver end-to-end services and solutions with our deep industry expertise and strong partner ecosystem, leveraging our capabilities across strategy, technology, design, engineering and business operations. The Group reported 2024 global revenues of €22.1 billion.Make it real | www.capgemini.com"
Java & React Full Stack Architect -GENAI - Cloud-Native,Bangalore,Capgemini Engineering,Permanent,Experienced Professionals,https://careers.capgemini.com/job/Bangalore-Java-&-React-Full-Stack-Architect-GENAI-Cloud-Native/1416702833/?feedId=388633&utm_source=CareerSite&tcsource=apply,"Your RoleWe are seeking an experienced Platform, Cloud-Native & Full Stack Architect to lead the design and modernization of enterprise-grade financial technology solutions. The ideal candidate will possess deep expertise in Java, React, Cloud-Native Architecture, Platform Engineering, and Microservices, with a proven track record of delivering secure, scalable, and high-performance platforms in the Banking, Payments, Capital Markets, Lending, or FinTech domain.Key ResponsibilitiesDefine and drive architecture strategy for cloud-native platforms and digital financial applications.Lead modernization of legacy systems into microservices-based and containerized architectures.Architect end-to-end solutions across Java backend, React frontend, APIs, integration, and cloud platforms.Design secure, resilient, and highly available systems compliant with financial industry standards.Establish platform engineering, DevOps, CI/CD, observability, and automation frameworks.Collaborate with business, product, security, and engineering teams to deliver scalable financial solutions.Provide technical leadership, architecture governance, and mentoring to engineering teams.Your Profile12+ years of software engineering and architecture experience.Strong expertise in:React, TypeScript, JavaScriptNode JSJava, Spring Boot, Spring CloudMicroservices, REST APIs, Event-Driven ArchitectureKafka or similar messaging platformsAWS, Azure, or GCPKubernetes, OpenShift, DockerTerraform, CI/CD, DevOps, Platform EngineeringStrong understanding of security, scalability, performance, and distributed systems.What will you love working at Capgemini The company emphasizes team spirit, trust, and innovation, creating a positive and inclusive work environment. Employees often mention a sense of appreciation and purpose in their rolesCapgemini scores 3.7/5 for work-life balance, with many developers appreciating the flexible work hours and hybrid work modelYou will get comprehensive wellness benefits including health checks, telemedicine, insurance with top-ups, elder care, partner coverage or new parent support via flexible work.You will have the opportunity to learn on one of the industry's largest digital learning platforms, with access to 250,000+ courses and numerous certifications."
Java Full Stack Architect -GENAI - Cloud-Native,Bangalore,Capgemini Engineering,Permanent,Experienced Professionals,https://careers.capgemini.com/job/Bangalore-Java-Full-Stack-Architect-GENAI-Cloud-Native/1416700133/?feedId=388633&utm_source=CareerSite&tcsource=apply,"Your RoleWe are seeking an experienced Platform, Cloud-Native & Full Stack Architect to lead the design and modernization of enterprise-grade financial technology solutions. The ideal candidate will possess deep expertise in Java, React, Cloud-Native Architecture, Platform Engineering, and Microservices, with a proven track record of delivering secure, scalable, and high-performance platforms in the Banking, Payments, Capital Markets, Lending, or FinTech domain.Define and drive architecture strategy for cloud-native platforms and digital financial applications.Lead modernization of legacy systems into microservices-based and containerized architectures.Architect end-to-end solutions across Java backend, React frontend, APIs, integration, and cloud platforms.Design secure, resilient, and highly available systems compliant with financial industry standards.Establish platform engineering, DevOps, CI/CD, observability, and automation frameworks.Collaborate with business, product, security, and engineering teams to deliver scalable financial solutions.Provide technical leadership, architecture governance, and mentoring to engineering teams.Your Profile12+ years of software engineering and architecture experience.Strong expertise in:Java, Spring Boot, Spring CloudReact, TypeScript, JavaScriptMicroservices, REST APIs, Event-Driven ArchitectureKafka or similar messaging platformsAWS, Azure, or GCPKubernetes, OpenShift, DockerTerraform, CI/CD, DevOps, Platform EngineeringStrong understanding of security, scalability, performance, and distributed systems.Preferred QualificationsExperience in FinTech, Banking, Payments, Lending, Capital Markets, Wealth Management, or Insurance platforms.Knowledge of payment gateways, digital banking platforms, regulatory compliance, fraud prevention, and financial data security.Experience with SaaS, multi-tenant platforms, and cloud transformation programs.Cloud and Kubernetes certifications preferred.What will you love working at Capgemini The company emphasizes team spirit, trust, and innovation, creating a positive and inclusive work environment. Employees often mention a sense of appreciation and purpose in their rolesCapgemini scores 3.7/5 for work-life balance, with many developers appreciating the flexible work hours and hybrid work modelYou will get comprehensive wellness benefits including health checks, telemedicine, insurance with top-ups, elder care, partner coverage or new parent support via flexible work.You will have the opportunity to learn on one of the industry's largest digital learning platforms, with access to 250,000+ courses and numerous certifications."
Java FullStack Cloud,Bangalore,Capgemini,Permanent,Experienced Professionals,https://careers.capgemini.com/job/Bangalore-Java-FullStack-Cloud/1412457533/?feedId=388633&utm_source=CareerSite&tcsource=apply,"Choosing Capgemini means choosing a company where you will be empowered to shape your career in the way you’d like, where you’ll be supported and inspired by a collaborative community of colleagues around the world, and where you’ll be able to reimagine what’s possible. Join us and help the world’s leading organizations unlock the value of technology and build a more sustainable, more inclusive world. Your Role Design, develop, and maintain scalable web applications using Java, Spring Boot, and Microservices architecture.Build responsive and user-friendly front-end applications using Angular/React, HTML5, CSS3, and JavaScript/TypeScript.Develop and consume RESTful APIs, ensuring seamless integration between front-end and back-end systems.Work with databases such as Oracle, MySQL, PostgreSQL, or SQL Server for data modeling and optimization.Collaborate with cross-functional teams in an Agile/Scrum environment, participating in code reviews, testing, and deployment activities.Your Profile 6+ years of experience in Java Full Stack Development with strong expertise in Core Java, Spring Boot, and Microservices.Hands-on experience with front-end technologies such as Angular (2+)/React, JavaScript, TypeScript, HTML, and CSS.Strong knowledge of REST APIs, SQL databases, Git, Maven, Jenkins, and CI/CD pipelines.Experience working with Cloud platforms (AWS/Azure/GCP) and containerization tools like Docker/Kubernetes is preferred.Excellent problem-solving, communication, and stakeholder management skills with the ability to work in a fast-paced environment.What you will love about working hereYou can shape your career with us. We offer a range of career paths and internal opportunities within Capgemini group. You will also get personalized career guidance from our leaders.You will get comprehensive wellness benefits including health checks, telemedicine, insurance with top-ups, elder care, partner coverage or new parent support via flexible work.At Capgemini, you can work on cutting-edge projects in tech and engineering with industry leaders or create solutions to overcome societal and environmental challenges.Capgemini is an AI-powered global business and technology transformation partner, delivering tangible business value. We imagine the future of organizations and make it real with AI, technology and people. With our strong heritage of nearly 60 years, we are a responsible and diverse group of 420,000 team members in more than 50 countries. We deliver end-to-end services and solutions with our deep industry expertise and strong partner ecosystem, leveraging our capabilities across strategy, technology, design, engineering and business operations. The Group reported 2024 global revenues of €22.1 billion.Make it real | www.capgemini.com"
Backend Java Developer / Java Fullstack Developer,Chennai (ex Madras),Capgemini,Permanent,Experienced Professionals,https://careers.capgemini.com/job/Chennai-%28ex-Madras%29-Backend-Java-Developer-Java-Fullstack-Developer/1371992333/?feedId=388633&utm_source=CareerSite&tcsource=apply,"Your RoleChoosing Capgemini means choosing a company where you will be empowered to shape your career in the way you’d like, where you’ll be supported and inspired by a collaborative community of colleagues around the world, and where you’ll be able to reimagine what’s possible. Join us and help the world’s leading organizations unlock the value of technology and build a more sustainable, more inclusive world. We are looking for an experienced Backend Java Developer to design, develop, and maintain scalable, secure, and high-performance backend systems. You will work on microservices architecture, RESTful APIs, and cloud-native solutions, collaborating with cross-functional teams to deliver enterprise-grade applications.In This Role, You Will:4 to 8 Years experience in Design and develop backend services using Java (8+), Spring Boot, and microservices architecture.Build and expose RESTful APIs following best practices.Implement business logic, validations, and exception handling.Integrate with SQL/NoSQL databases and external systems.Ensure security using Spring Security, OAuth2, and JWT.Write unit and integration tests (JUnit, Mockito) and maintain code quality.Participate in code reviews, follow clean coding standards, and optimize performance.Collaborate with frontend, QA, DevOps, and product teams.Troubleshoot and resolve production issues.Contribute to CI/CD pipelines, containerization, and cloud deployments.Required SkillsStrong proficiency in Java (Java 8 or above).Hands-on experience with Spring Boot, Spring MVC, Spring Data JPA.Expertise in microservices design patterns (Circuit Breaker, Retry, API Gateway, etc..).Solid understanding of REST APIs, HTTP methods, and status codes.Experience with SQL databases (MySQL, PostgreSQL, Oracle, Mongo DB) and ORM frameworks (Hibernate/JPA).\Familiarity with Git, build tools (Maven/Gradle), and logging frameworks (Log4j/Logback).Nice to HaveExperience with event-driven architecture and distributed tracing.Familiarity with monitoring tools (ELK, Prometheus, Splunk).Knowledge of Infrastructure as Code (Terraform, CloudFormation).Experience writing code using GitHub Copilot and leveraging Generative AI tools for development and problem-solving.Knowledge of Docker, Kubernetes, and CI/CD tools (Jenkins, GitHub Actions).Exposure to cloud platforms (AWS/Azure/GCP) and messaging systems (Kafka/RabbitMQ) is a plus. Soft SkillsStrong problem-solving and analytical skills.Excellent communication and collaboration abilities.Ability to work independently and mentor junior developers.Adaptable to new technologies and changing requirements.What you'll love about working here:You can shape your career with us. We offer a range of career paths and internal opportunities within Capgemini group. You will also get personalized career guidance from our leaders.You will get comprehensive wellness benefits including health checks, telemedicine, insurance with top-ups, elder care, partner coverage or new parent support via flexible work.At Capgemini, you can work on cutting-edge projects in tech and engineering with industry leaders or create solutions to overcome societal and environmental challenges. Capgemini is a global business and technology transformation partner, helping organizations to accelerate their dual transition to a digital and sustainable world, while creating tangible impact for enterprises and society. It is a responsible and diverse group of 340,000 team members in more than 50 countries. With its strong over 55-year heritage, Capgemini is trusted by its clients to unlock the value of technology to address the entire breadth of their business needs. It delivers end-to-end services and solutions leveraging strengths from strategy and design to engineering, all fueled by its market leading capabilities in AI, generative AI, cloud and data, combined with its deep industry expertise and partner ecosystem."
Java Fullstack Developer,Mumbai (ex Bombay),Capgemini,Permanent,Experienced Professionals,https://careers.capgemini.com/job/Mumbai-%28ex-Bombay%29-Java-Fullstack-Developer/1373096333/?feedId=388633&utm_source=CareerSite&tcsource=apply,"Choosing Capgemini means choosing a company where you will be empowered to shape your career in the way you’d like, where you’ll be supported and inspired by a collaborative community of colleagues around the world, and where you’ll be able to reimagine what’s possible. Join us and help the world’s leading organizations unlock the value of technology and build a more sustainable, more inclusive world.Your RoleDesign, develop, and maintain end‑to‑end web applications using Java (8/11/17), Spring Boot, and Angular (8+). Build scalable, secure, and high‑performance microservices and RESTful APIs using Java and Spring frameworks. Develop responsive, user‑friendly front‑end interfaces using Angular, TypeScript, HTML5, CSS3, and JavaScript. Create reusable UI components, modules, and services with Angular best practices, including RxJS and state management tools like NgRx. Integrate front‑end applications with backend REST APIs for seamless data flow. Work with relational and NoSQL databases such as MySQL, PostgreSQL, MongoDB to design schemas, write queries, and optimize performance. Ensure end‑to‑end application security, including implementing authentication, authorization, JWT, and OAuth2. Perform debugging, troubleshooting, and optimization across both front‑end and back‑end layers. Collaborate with cross‑functional teams to deliver high‑quality, scalable, and maintainable full-stack solutions.Your ProfileStrong proficiency in Java, Spring Boot, Microservices Hands-on experience with Angular (8 or above)/React JsSolid understanding of HTML5, CSS3, JavaScript, TypeScript Experience with REST API design & integrationStrong knowledge of SQL and database concepts Understanding of Object-Oriented Programming (OOP) and design patterns Familiarity with Agile/Scrum methodologiesExperience with Kafka / RabbitMQWhat you'll love about working here We’re committed to ensure that people of all backgrounds feel encouraged and have a sense of belonging at Capgemini. You are valued for who you are, and you can bring your original self to work.Every Monday, kick off the week with a musical performance by our in-house band - The Rubber Band. Also get to participate in internal sports events, yoga challenges, or marathons.At Capgemini, you can work on cutting-edge projects in tech and engineering with industry leaders or create solutions to overcome societal and environmental challenges.  Capgemini is an AI-powered global business and technology transformation partner, delivering tangible business value. We imagine the future of organizations and make it real with AI, technology and people. With our strong heritage of nearly 60 years, we are a responsible and diverse group of 420,000 team members in more than 50 countries. We deliver end-to-end services and solutions with our deep industry expertise and strong partner ecosystem, leveraging our capabilities across strategy, technology, design, engineering and business operations. The Group reported 2024 global revenues of €22.1 billion.Make it real | www.capgemini.com"
JAVA AGENTIC AI TECH LEAD,Pune,Capgemini,Permanent,Experienced Professionals,https://careers.capgemini.com/job/Pune-JAVA-AGENTIC-AI-TECH-LEAD/1398538833/?feedId=388633&utm_source=CareerSite&tcsource=apply,"Choosing Capgemini means choosing a company where you will be empowered to shape your career in the way you’d like, where you’ll be supported and inspired by a collaborative community of colleagues around the world, and where you’ll be able to reimagine what’s possible. Join us and help the world’s leading organizations unlock the value of technology and build a more sustainable, more inclusive world.Your RoleLead design and development of scalable Java-based applications using Spring Boot and Microservices architectureOwn and drive end-to-end system architecture, including design decisions, trade-offs, and governanceLead legacy modernization and transformation initiatives, including cloud migration and re-architecture programsMaintain strong hands-on involvement in coding, including code reviews, refactoring, debugging, and performance optimizationIntegrate Generative AI capabilities across the SDLC (design, development, testing, and code review)Design and implement enterprise-grade GenAI solutions leveraging LLMs and AI frameworksBuild AI-native systems using RAG, vector databases, agentic workflows, and orchestration frameworks (e.g., LangChain, Semantic Kernel)Establish reusable patterns and architectures for GenAI adoption beyond tools like CopilotDefine and enforce enterprise guardrails, including security, responsible AI, observability, and DevOps practicesDrive engineering excellence and standardization across teamsMentor developers and architects, enabling organization-wide adoption of AI and modern engineering practicesCollaborate with cross-functional teams to translate business requirements into scalable technical solutionsYour ProfileStrong hands-on experience with Java (Java 11+)Spring Boot, Spring MVC, Spring SecurityMicroservices and distributed systemsREST APIs, JSON, OAuth2/JWTHands-on experience with LLMs and GenAI frameworksRAG architectures, embeddings, vector databases (Pinecone, FAISS, Azure AI Search, etc.)Prompt engineering and AI workflow designUnderstanding of AI ethics, data privacy, and model limitationsCloud platforms: AWS Or AzureWhat you'll love about working hereYou can shape your career with us. We offer a range of career paths and internal opportunities within Capgemini group. You will also get personalized career guidance from our leaders.You will get comprehensive wellness benefits including health checks, telemedicine, insurance with top-ups, elder care, partner coverage or new parent support via flexible work.You will have the opportunity to learn on one of the industry's largest digital learning platforms, with access to 250,000+ courses and numerous certificationsCapgemini is an AI-powered global business and technology transformation partner, delivering tangible business value. We imagine the future of organizations and make it real with AI, technology and people. With our strong heritage of nearly 60 years, we are a responsible and diverse group of 420,000 team members in more than 50 countries. We deliver end-to-end services and solutions with our deep industry expertise and strong partner ecosystem, leveraging our capabilities across strategy, technology, design, engineering and business operations. The Group reported 2024 global revenues of €22.1 billion.Make it real | www.capgemini.com"
SDET( Selenium+Java + Rest assured),Hyderabad,Capgemini,Permanent,Experienced Professionals,https://careers.capgemini.com/job/Hyderabad-SDET%28-Selenium%2BJava-%2B-Rest-assured%29/1411249233/?feedId=388633&utm_source=CareerSite&tcsource=apply,"Choosing Capgemini means choosing a company where you will be empowered to shape your career in the way you’d like, where you’ll be supported and inspired by a collaborative community of colleagues around the world, and where you’ll be able to reimagine what’s possible. Join us and help the world’s leading organizations unlock the value of technology and build a more sustainable, more inclusive world. Your RoleDesign, develop, and maintain UI automation frameworks using Selenium WebDriver with Java.Implement and execute API automation tests using Rest Assured for RESTful services.Create and execute end-to-end test scenarios covering web applications and APIs.Integrate automated test suites into CI/CD pipelines using Jenkins, Azure DevOps, and Git.Collaborate with developers, QA teams, and business stakeholders to define test strategies and quality goals.Contribute to automation best practices, framework enhancements, and continuous quality improvement initiatives.Your Profile Experience in Software Testing and Test Automation.Strong programming skills in Java with expertise in automation framework development.Hands-on experience with Selenium WebDriver for UI test automation.Proven experience in API testing and automation using Rest Assured.Good understanding of HTTP/REST, JSON/XML, and web services.Familiarity with CI/CD tools such as Jenkins, Azure DevOps, and version control systems like Git.Knowledge of SQL for backend testing and data validation.Experience working in Agile/Scrum development environments.What will you love working at Capgemini?Opportunity to work on enterprise-scale test automation using Selenium, Java, and Rest Assured.Exposure to modern DevOps practices, CI/CD pipelines, and cloud-based delivery environments.Access to structured learning programs, certifications, and continuous career development opportunities.Collaborative and innovation-driven culture focused on quality engineering excellence and digital transformation.Capgemini is an AI-powered global business and technology transformation partner, delivering tangible business value. We imagine the future of organizations and make it real with AI, technology and people. With our strong heritage of nearly 60 years, we are a responsible and diverse group of 420,000 team members in more than 50 countries. We deliver end-to-end services and solutions with our deep industry expertise and strong partner ecosystem, leveraging our capabilities across strategy, technology, design, engineering and business operations. The Group reported 2024 global revenues of €22.1 billion.Make it real | www.capgemini.com"
RUN Service Delivery Manager,Pune,Capgemini,Permanent,Experienced Professionals,https://careers.capgemini.com/job/Pune-RUN-Service-Delivery-Manager/1423700933/?feedId=388633&utm_source=CareerSite&tcsource=apply,"At Capgemini Engineering, the world leader in engineering services, we bring together a global team of engineers, scientists, and architects to help the world’s most innovative companies unleash their potential. From autonomous cars to life-saving robots, our digital and software technology experts think outside the box as they provide unique R&D and engineering services across all industries. Join us for a career full of opportunities. Where you can make a difference. Where no two days are the same.Your RoleOwn end-to-end Run Service Delivery for custom application support environments, ensuring stable day-to-day operations and adherence to SLAs/KPIs.Lead Incident, Problem, and Escalation Management, driving root cause analysis, post-incident reviews, and permanent fixes.Manage stakeholders and client communications, providing service governance, performance reporting, and escalation management.Drive operational excellence and continuous improvement, identifying trends, risks, automation opportunities, and service enhancements.Lead large Run/Application Management teams (50-60 members), coordinating across application, infrastructure, and support teams to ensure operational readiness.Your ProfileOverall Experience Required is only 12-18 years only needed.Application Management (ADM/AM) & Run Operations experience with strong focus on production support and service delivery.Custom Application Support Background in Java/.Net environments (candidate should not be primarily from SAP, Oracle, Salesforce, or other packaged application ecosystems).ITIL Service Management Expertise across Incident, Problem, Change, SLA, and Service Continuity Management.Leadership & People Management experience managing large teams (50-60+ members) and handling customer escalations.Service Governance & Reporting with strong experience in SLA/KPI tracking, operational dashboards, stakeholder management, and continuous improvement initiatives.What you'll love about working hereYou can shape your career with us. We offer a range of career paths and internal opportunities within Capgemini group. You will also get personalized career guidance from our leaders.You will get comprehensive wellness benefits including health checks, telemedicine, insurance with top-ups, elder care, partner coverage or new parent support via flexible work.At Capgemini, you can work on cutting-edge projects in tech and engineering with industry leaders or create solutions to overcome societal and environmental challenges. Capgemini is a global business and technology transformation partner, helping organizations to accelerate their dual transition to a digital and sustainable world, while creating tangible impact for enterprises and society. It is a responsible and diverse group of 340,000 team members in more than 50 countries. With its strong over 55-year heritage, Capgemini is trusted by its clients to unlock the value of technology to address the entire breadth of their business needs. It delivers end-to-end services and solutions leveraging strengths from strategy and design to engineering, all fueled by its market leading capabilities in AI, generative AI, cloud and data, combined with its deep industry expertise and partner ecosystem."
Lead Software Engineer,"Pune, Hyderabad, Chennai (ex Madras), Bangalore",Capgemini,Permanent,Experienced Professionals,https://careers.capgemini.com/job/Bangalore-Lead-Software-Engineer/1419101933/?feedId=388633&utm_source=CareerSite&tcsource=apply,"Choosing Capgemini means choosing a company where you will be empowered to shape your career in the way you’d like, where you’ll be supported and inspired by a collaborative community of colleagues around the world, and where you’ll be able to reimagine what’s possible. Join us and help the world’s leading organizations unlock the value of technology and build a more sustainable, more inclusive world. Your Role :Design, develop, and maintain full-stack web applications using C#, .NET Core/.NET 6+, Angular, and Azure services.Develop responsive and user-friendly front-end applications using Angular, TypeScript, HTML5, CSS3, and JavaScript.Build and consume RESTful APIs and microservices.Design and implement cloud-native solutions using Microsoft Azure.Collaborate with architects, product owners, business analysts, and QA teams to deliver high-quality solutions.Optimize application performance, scalability, security, and reliability.Develop and maintain CI/CD pipelines using Azure DevOps.Your Profile : 6-9 years of hands-on experience in C#, ASP.NET MVC, .NET Core/.NET 6/7/8.Strong experience in developing REST APIs and microservices.Expertise in Entity Framework, LINQ, and ORM concepts.Understanding of Design Patterns, SOLID principles, and Clean Architecture.Strong experience with Angular (Versions 10+) / React.Proficiency in TypeScript, JavaScript, HTML5, CSS3, Bootstrap.Experience with Reactive Forms, RxJS, Angular Material, and State Management.What you'll love about working hereYou can shape your career with us. We offer a range of career paths and internal opportunities within Capgemini group.You will also get personalized career guidance from our leaders.You will get comprehensive wellness benefits including health checks, telemedicine, insurance with top-ups, elder care, partner coverage or new parent support via flexible work.Capgemini is an AI-powered global business and technology transformation partner, delivering tangible business value. We imagine the future of organizations and make it real with AI, technology and people. With our strong heritage of nearly 60 years, we are a responsible and diverse group of 420,000 team members in more than 50 countries. We deliver end-to-end services and solutions with our deep industry expertise and strong partner ecosystem, leveraging our capabilities across strategy, technology, design, engineering and business operations. The Group reported 2024 global revenues of €22.1 billion.Make it real | www.capgemini.com"
MLOps (Machine Learning Operations) and Model accuracy Engineer,"Pune, Tiruchirapalli, Tiruchirappalli, Kanchipuram, Noida, Bangalore, Hyderabad, Navi Mumbai, Chennai (ex Madras), Salem, Bhubaneswar, Gurgaon, Mumbai (ex Bombay), Coimbatore, Kolkata (ex Calcutta), Kolkata, Mumbai, Gandhinagar",Capgemini,Permanent,Experienced Professionals,https://careers.capgemini.com/job/Bangalore-MLOps-%28Machine-Learning-Operations%29-and-Model-accuracy-Engineer/1407257433/?feedId=388633&utm_source=CareerSite&tcsource=apply,"Choosing Capgemini means choosing a company where you will be empowered to shape your career in the way you’d like, where you’ll be supported and inspired by a collaborative community of colleagues around the world, and where you’ll be able to reimagine what’s possible. Join us and help the world’s leading organizations unlock the value of technology and build a more sustainable, more inclusive world. Your RoleDesign and build scalable, reliable backend and platform systems optimized for ML workloads, ensuring high availability and performanceEnforce strong engineering practices including modular design, automated testing, code quality, and scalability standardsDevelop and manage cloud-native infrastructure with Kubernetes, containers, and microservices, while optimizing for cost and resilienceEstablish and scale CI/CD pipelines across both application and ML lifecycles, with full observability (logging, metrics, tracing)Architect and implement end-to-end MLOps pipelines, from data ingestion through deployment, monitoring, and automated retrainingDrive automation in model lifecycle management including versioning, experiment tracking, reproducibility, and governance using tools like MLflow, Kubeflow, and AirflowDefine, monitor, and continuously improve model performance using key metrics (accuracy, latency, drift, bias), with robust evaluation and A/B testing frameworksLead cross-functional teams and collaborate with stakeholders to deliver scalable AI solutions while shaping the ML platform strategy and adoption roadmapYour SkillsStrong foundation in Software Engineering (Java/Python/Go) and system designExpertise in DevOps practices (CI/CD, Docker, Kubernetes, Infrastructure as Code)Proven experience in MLOps frameworks and model lifecycle managementDeep understanding of model accuracy, evaluation metrics, and monitoring strategiesHands-on experience with cloud platforms (GCP/AWS/Azure)Prior experience managing engineering teamsWhy you will love working at CapgeminiAt the heart of our mission is your career growth. Our array of career growth programs and diverse professions are crafted to support you in exploring a world of opportunities.We recognize the significance of flexible work arrangements to provide support. Be it remote work, or flexible work hours, you will get an environment to maintain a healthy work life balance.Capgemini is an AI-powered global business and technology transformation partner, delivering tangible business value. We imagine the future of organizations and make it real with AI, technology and people. With our strong heritage of nearly 60 years, we are a responsible and diverse group of 420,000 team members in more than 50 countries. We deliver end-to-end services and solutions with our deep industry expertise and strong partner ecosystem, leveraging our capabilities across strategy, technology, design, engineering and business operations. The Group reported 2024 global revenues of €22.1 billion.Make it real | www.capgemini.com"
Dot Net Fullstack Developer,"Pune, Hyderabad, Kanchipuram, Navi Mumbai, Noida, Bangalore, Chennai (ex Madras), Salem, Bhubaneswar, Gurgaon, Mumbai (ex Bombay), Coimbatore, Kolkata (ex Calcutta), Tiruchirapalli, Tiruchirappalli, Kolkata, Mumbai, Gandhinagar",Capgemini,Permanent,Experienced Professionals,https://careers.capgemini.com/job/Pune-Dot-Net-Fullstack-Developer/1398066733/?feedId=388633&utm_source=CareerSite&tcsource=apply,"Choosing Capgemini means choosing a company where you will be empowered to shape your career in the way you’d like, where you’ll be supported and inspired by a collaborative community of colleagues around the world, and where you’ll be able to reimagine what’s possible. Join us and help the world’s leading organizations unlock the value of technology and build a more sustainable, more inclusive world. Your RoleDevelop and maintain scalable web applications using ASP.NET MVC and .NET CoreBuild responsive and dynamic user interfaces using Angular 8+ VersionDesign and develop RESTful APIs and backend servicesCollaborate with cross-functional teams in an Agile environmentEnsure application performance, quality, and responsivenessYour ProfileStrong expertise in C#, ASP.NET MVC, and .NET CoreHands-on experience with Angular 6+ (Angular 8/10/12+ preferred)Proficient in TypeScript, JavaScript, HTML5, CSS3Experience in developing Web APIs / RESTful servicesGood knowledge of Entity Framework, LINQ, and SQL ServerFamiliarity with Git, CI/CD tools, and Agile methodologiesWhat will you love working at CapgeminiWork on innovative and global digital transformation projectsInclusive and collaborative work cultureAccess to continuous learning, certifications, and upskillingStrong focus on career progression and internal growth opportunitiesSupportive environment promoting work-life balanceCapgemini is an AI-powered global business and technology transformation partner, delivering tangible business value. We imagine the future of organizations and make it real with AI, technology and people. With our strong heritage of nearly 60 years, we are a responsible and diverse group of 420,000 team members in more than 50 countries. We deliver end-to-end services and solutions with our deep industry expertise and strong partner ecosystem, leveraging our capabilities across strategy, technology, design, engineering and business operations. The Group reported 2024 global revenues of €22.1 billion.Make it real | www.capgemini.com"
Playwright Test Automation,"Pune, Hyderabad, Bangalore",Capgemini Engineering,Permanent,Experienced Professionals,https://careers.capgemini.com/job/Bangalore-Playwright-Test-Automation/1384436233/?feedId=388633&utm_source=CareerSite&tcsource=apply,"Choosing Capgemini means choosing a company where you will be empowered to shape your career in the way you’d like, where you’ll be supported and inspired by a collaborative community of colleagues around the world, and where you’ll be able to reimagine what’s possible. Join us and help the world’s leading organizations unlock the value of technology and build a more sustainable, more inclusive world. Your RoleDesign, develop, and maintain UI automation scripts using Playwright and Selenium WebDriver.Implement API automation using Rest Assured for RESTful services.Create and execute end-to-end test scenarios for web and API applications.Integrate automated tests into CI/CD pipelines (Jenkins, Azure DevOps, Git).Collaborate with developers, QA, and product teams to define test strategies and acceptance criteria.Your Profile6 to 9 yrs of strong programming skills in Java, with a solid understanding of automation best practices.Hands‑on experience with Playwright and Selenium WebDriver for UI automation.Expertise in API testing using Rest Assured.Good understanding of HTTP/REST, JSON/XML, and web services.Familiarity with CI/CD tools such as Jenkins and Azure DevOps, and version control using Git.Knowledge of SQL for data validation and backend testing.Experience working in Agile/Scrum environments.What will you love working at Capgemini?Opportunity to work on cutting‑edge automation frameworks with modern tools like Playwright, Selenium, and Rest Assured.Exposure to global Agile delivery teams and enterprise‑level automation pipelines.Structured learning programs, certifications, and continuous upskilling opportunities.Collaborative and innovation-led culture focused on engineering excellence and quality‑first delivery.Capgemini is an AI-powered global business and technology transformation partner, delivering tangible business value. We imagine the future of organizations and make it real with AI, technology and people. With our strong heritage of nearly 60 years, we are a responsible and diverse group of 420,000 team members in more than 50 countries. We deliver end-to-end services and solutions with our deep industry expertise and strong partner ecosystem, leveraging our capabilities across strategy, technology, design, engineering and business operations. The Group reported 2024 global revenues of €22.1 billion.Make it real | www.capgemini.com"
Lead Test Automation Engineer,"Hyderabad, Chennai (ex Madras), Pune, Bangalore",Capgemini,Permanent,Experienced Professionals,https://careers.capgemini.com/job/Bangalore-Lead-Test-Automation-Engineer/1418500733/?feedId=388633&utm_source=CareerSite&tcsource=apply,"Your RoleDesign, develop, and maintain scalable automation frameworks using Selenium WebDriver and Java.Develop and execute automated test scripts following BDD Cucumber methodology.Create and maintain API automation test suites using Rest Assured and validate RESTful services.Integrate automated test execution into CI/CD pipelines using Jenkins, Azure DevOps, GitLab CI, or similar tools.Collaborate with Developers, Business Analysts, Product Owners, and QA teams to understand business requirements and define test strategies.Perform functional, regression, integration, and end-to-end testing to ensure product quality.Analyze test results, identify defects, and work closely with development teams for resolution.Participate actively in Agile ceremonies, including sprint planning, estimation, daily stand-ups, and retrospectives.Enhance automation coverage, improve framework reusability, and optimize execution times.Prepare and share test execution reports, quality metrics, and status updates with stakeholders.Mentor junior team members and contribute to automation best practices and process improvements.Your ProfileBachelor's degree in Computer Science, Information Technology, Engineering, or a related discipline.6+ years of experience in Software Testing and Test Automation.Strong hands-on experience in Java programming and Object-Oriented Programming concepts.Proven expertise in Selenium WebDriver automation framework development and maintenance.Strong experience with BDD Cucumber, Gherkin, and behavior-driven testing practices.Hands-on experience in API Testing and Automation using Rest Assured, Postman, or similar tools.Solid understanding of REST APIs, JSON, XML, and API validation techniques.Experience integrating automation frameworks with CI/CD tools such as Jenkins, Azure DevOps, GitLab CI, or GitHub Actions.Good knowledge of TestNG/JUnit frameworks and test reporting tools.Experience with version control tools such as Git.Strong understanding of SDLC, STLC, and Agile/Scrum methodologies.Ability to debug, analyze, and troubleshoot complex application and automation issues.Excellent communication, stakeholder management, and problem-solving skills.What You Will Love Working at CapgeminiAgile MethodologyTest automationTest EnvironmentIntegrated TestingTest ToolsTest TechniqueInnovationRisk ManagementCritical ThinkingImpactful CommunicationClient CentricityStakeholder ManagementPortfolio acumenMotivating OthersDecision making"
OpenText Extended Enterprise Content Management,"Pune, Bangalore, Navi Mumbai, Hyderabad",Capgemini,Permanent,Experienced Professionals,https://careers.capgemini.com/job/Pune-OpenText-Extended-Enterprise-Content-Management/1199255601/?feedId=388633&utm_source=CareerSite&tcsource=apply,"Choosing Capgemini means choosing a company where you will be empowered to shape your career in the way you’d like, where you’ll be supported and inspired by a collaborative community of colleagues around the world, and where you’ll be able to reimagine what’s possible. Join us and help the world’s leading organizations unlock the value of technology and build a more sustainable, more inclusive world.Your RoleDevelop and maintain architectural documentation, design blueprints, and technical specifications for all xECM implementationTroubleshooting & Optimisation: Proactively identify and resolve any technical issues during and after implementations, optimising system performance.Develop & Design: Architect and design OpenText xECM solutions tailored to the business needs, ensuring scalability, security, and optimal performance.Integration Expertise: Lead the integration of OpenText xECM with core enterprise systems like SAP, SharePoint, and others.Project Leadership: Guide the project teams through solution design, technical decisions, and ensure alignment with best practices in ECM.Your ProfileExperience: 4+ years of experience in Enterprise Content Management (ECM), with at least 3-5 years in OpenText xECM.Technical Expertise: Proficiency in OpenText products (xECM, Content Suite), and strong knowledge of integration with systems like SAP, Salesforce, and Microsoft.Experience in relevant programming languages such as Java, .NET, or ABAP for custom solution development.Strong understanding of database management systems such as SQL Server, Oracle, etc.Ability to manage projects, timelines, and deliverables, working effectively in cross-functional teams.What you’ll love about working hereYou can shape your career with us. We offer a range of career paths and internal opportunities within Capgemini group. You will also get personalized career guidance from our leaders.You will get comprehensive wellness benefits including health checks, telemedicine, insurance with top-ups, elder care, partner coverage or new parent support via flexible work.You will have the opportunity to learn on one of the industry's largest digital learning platforms, with access to 250,000+ courses and numerous certifications.About CapgeminiCapgemini is a global business and technology transformation partner, helping organizations to accelerate their dual transition to a digital and sustainable world, while creating tangible impact for enterprises and society. It is a responsible and diverse group of 340,000 team members in more than 50 countries. With its strong over 55-year heritage, Capgemini is trusted by its clients to unlock the value of technology to address the entire breadth of their business needs. It delivers end-to-end services and solutions leveraging strengths from strategy and design to engineering, all fueled by its market leading capabilities in AI, generative AI, cloud and data, combined with its deep industry expertise and partner ecosystem."
Google Cloud AI Security Lead,"Pune, Bhubaneswar, Kolkata (ex Calcutta), Navi Mumbai, Tiruchirapalli, Tiruchirappalli, Kanchipuram, Noida, Bangalore, Hyderabad, Chennai (ex Madras), Salem, Gurgaon, Mumbai (ex Bombay), Coimbatore, Kolkata, Mumbai, Gandhinagar",Capgemini,Permanent,Experienced Professionals,https://careers.capgemini.com/job/Mumbai-%28ex-Bombay%29-Google-Cloud-AI-Security-Lead/1398725933/?feedId=388633&utm_source=CareerSite&tcsource=apply,"Choosing Capgemini means choosing a company where you will be empowered to shape your career in the way you’d like, where you’ll be supported and inspired by a collaborative community of colleagues around the world, and where you’ll be able to reimagine what’s possible. Join us and help the world’s leading organizations unlock the value of technology and build a more sustainable, more inclusive world. Your RoleDesign and lead secure architectures for AI systems, LLM applications, and agentic AI on Google Cloud PlatformSecure AI pipelines including training, inference, and autonomous agent workflows end-to-endDefine and implement zero-trust, least-privilege, and enterprise AI security frameworksLead threat modeling and risk assessments for AI-powered products and cloud-native systemsDetect, mitigate, and prevent AI-specific threats such as prompt injection, model poisoning, and data leakageDrive cloud platform security across Kubernetes (GKE), serverless, APIs, IAM, and multi-cloud environmentsEstablish security operations excellence by building AI-driven detection, response automation, and telemetry pipelinesInfluence cross-functional teams, mentor engineers, and embed security across product, AI/ML, and infrastructure teamsYour Skills10–15+ years of experience in security engineering, cloud security, or related domainsDeep expertise in GCP, IAM, Kubernetes, network security, and secure software developmentStrong knowledge of AI/ML security, including LLMs, AI agents, MLOps, and secure AI deployment practicesHands-on experience with threat detection, SIEM/SOAR, DevSecOps, and CI/CD security integrationProficiency in programming and scripting (Python, Go, Java) and infrastructure as code tools (Terraform)Experience in vulnerability management, penetration testing, CSPM/CNAPP tooling, and cloud risk governanceStrong understanding of compliance frameworks such as NIST AI RMF, ISO 27001, SOC 2, GDPR, and EU AI ActRelevant certifications such as CISSP, CCSP, GCP Professional Cloud Security Engineer, or OSCP preferredWhat you'll love about working with CapgeminiWe value flexibility and support a healthy work-life balance through remote and hybrid work options.Career development programs and certifications in cloud technologies.A diverse and inclusive workplace that fosters innovation and collaboration.Capgemini is an AI-powered global business and technology transformation partner, delivering tangible business value. We imagine the future of organizations and make it real with AI, technology and people. With our strong heritage of nearly 60 years, we are a responsible and diverse group of 420,000 team members in more than 50 countries. We deliver end-to-end services and solutions with our deep industry expertise and strong partner ecosystem, leveraging our capabilities across strategy, technology, design, engineering and business operations. The Group reported 2024 global revenues of €22.1 billion.Make it real | www.capgemini.com"
Senior Test Automation Engineer,"Bangalore, Hyderabad, Pune",Capgemini,Permanent,Experienced Professionals,https://careers.capgemini.com/job/Pune-Senior-Test-Automation-Engineer/1393656433/?feedId=388633&utm_source=CareerSite&tcsource=apply,"Choosing Capgemini means choosing a company where you will be empowered to shape your career in the way you’d like, where you’ll be supported and inspired by a collaborative community of colleagues around the world, and where you’ll be able to reimagine what’s possible. Join us and help the world’s leading organizations unlock the value of technology and build a more sustainable, more inclusive world. Your RoleDesign, develop, and maintain UI automation scripts using Playwright and Selenium WebDriver.Implement API automation using Rest Assured for validating RESTful services.Create and execute end‑to‑end test scenarios for both web and API applications.Integrate automated tests into CI/CD pipelines using tools such as Jenkins, Azure DevOps, and Git.Collaborate closely with developers, QA engineers, and product teams to define test strategies and acceptance criteria.Ensure high‑quality software delivery by contributing to test planning, automation strategy, and continuous improvement initiatives.Your Profile6+yrs strong programming skills in Java, with a solid understanding of automation best practices.Hands‑on experience with Playwright and Selenium WebDriver for UI automation.Expertise in API testing using Rest Assured.Good understanding of HTTP/REST, JSON/XML, and web services.Familiarity with CI/CD tools such as Jenkins and Azure DevOps, and version control using Git.Knowledge of SQL for data validation and backend testing.Experience working in Agile/Scrum environments.What will you love working at Capgemini?Exposure to global Agile delivery teams and enterprise‑level automation pipelines.Structured learning programs, certifications, and continuous upskilling opportunities.Collaborative and innovation-led culture focused on engineering excellence and quality‑first delivery.Capgemini is an AI-powered global business and technology transformation partner, delivering tangible business value. We imagine the future of organizations and make it real with AI, technology and people. With our strong heritage of nearly 60 years, we are a responsible and diverse group of 420,000 team members in more than 50 countries. We deliver end-to-end services and solutions with our deep industry expertise and strong partner ecosystem, leveraging our capabilities across strategy, technology, design, engineering and business operations. The Group reported 2024 global revenues of €22.1 billion.Make it real | www.capgemini.com"
GCP Data Engineer,Bangalore,Capgemini,Permanent,Experienced Professionals,https://careers.capgemini.com/job/Bangalore-GCP-Data-Engineer/1279122401/?feedId=388633&utm_source=CareerSite&tcsource=apply,"Choosing Capgemini means choosing a company where you will be empowered to shape your career in the way you’d like, where you’ll be supported and inspired by a collaborative community of colleagues around the world, and where you’ll be able to reimagine what’s possible. Join us and help the world’s leading organizations unlock the value of technology and build a more sustainable, more inclusive world.Ready to make your next career move? Explore the full job description below to learn more about the GCP Data Engineer role, its key responsibilities, and what it's like to be part of our team. If you're excited by what you see, we'd love to hear from you. Apply today and take the next step in your career journey.Not quite the right opportunity? Join our Talent Community to stay connected and receive updates on exciting opportunities tailored to your experience, skills, and aspirations.Your RoleStrong customer orientation, decision making, problem solving,communication and presentation skills.Very good judgement skills and ability to shape compelling solutions and solve unstructured problems with assumptionsVery good collaboration skills and ability to interact with multi-cultural and multi-functional teams spread across geographiesStrong executive presence and spiritSuperb leadership and team building skills with ability to build consensus and achieve goals through collaboration rather than direct line authorityCommunication and Interpersonal Skills.Your Profile Should have 4+ years of experience in GCP Data Engineer with strong project track recordUnderstanding of the tools and technologies being used and clarity on Bigquery,ETL,  GCS,Airflow,Composer, SQL,Python.Dataflow or DataProc or Data Fusion or dbt or Dataform.Python or Pyspark or Java.Dataflow or DataProc or Data Fusion or dbt or Dataform.Composer or Airflow.Cloud Run and Pub Sub.BigQuery.Datawarehouse.What you’ll love about working hereYou can shape your career with us. We offer a range of career paths and internal opportunities within Capgemini group. You will also get personalized career guidance from our leaders.You will get comprehensive wellness benefits including health checks, telemedicine, insurance with top-ups, elder care, partner coverage or new parent support via flexible work.You will have the opportunity to learn on one of the industry's largest digital learning platforms, with access to 250,000+ courses and numerous certifications.About CapgeminiCapgemini is an AI-powered global business and technology transformation partner, delivering tangible business value. We imagine the future of organizations and make it real with AI, technology and people. With our strong heritage of nearly 60 years, we are a responsible and diverse group of 420,000 team members in more than 50 countries. We deliver end-to-end services and solutions with our deep industry expertise and strong partner ecosystem, leveraging our capabilities across strategy, technology, design, engineering and business operations. The Group reported 2024 global revenues of €22.1 billion. Capgemini in India comprises nearly 235,000 team members working across 13 locations: Bangalore, Bhubaneswar, Chennai, Coimbatore, Gandhinagar, Gurugram, Hyderabad, Kolkata, Mumbai, Noida, Pune, Salem, and Tiruchirappalli. Make it real | www.capgemini.com/in-en. "
Lead Test Automation Engineer,"Pune, Chennai (ex Madras), Bangalore, Hyderabad",Capgemini Engineering,Permanent,Experienced Professionals,https://careers.capgemini.com/job/Pune-Lead-Test-Automation-Engineer/1418128333/?feedId=388633&utm_source=CareerSite&tcsource=apply,"Choosing Capgemini means choosing a company where you will be empowered to shape your career in the way you’d like, where you’ll be supported and inspired by a collaborative community of colleagues around the world, and where you’ll be able to reimagine what’s possible. Join us and help the world’s leading organizations unlock the value of technology and build a more sustainable, more inclusive world. What You Will Love Working at CapgeminiYour Role Design, develop, and maintain scalable automation frameworks using Selenium WebDriver and Java.Develop and execute automated test scripts following BDD Cucumber methodology.Create and maintain API automation test suites using Rest Assured and validate RESTful services.Integrate automated test execution into CI/CD pipelines using Jenkins, Azure DevOps, GitLab CI, or similar tools.Collaborate with Developers, Business Analysts, Product Owners, and QA teams to understand business requirements and define test strategies.Perform functional, regression, integration, and end-to-end testing to ensure product quality.Analyze test results, identify defects, and work closely with development teams for resolution.Participate actively in Agile ceremonies, including sprint planning, estimation, daily stand-ups, and retrospectives.Enhance automation coverage, improve framework reusability, and optimize execution times.Prepare and share test execution reports, quality metrics, and status updates with stakeholders.Mentor junior team members and contribute to automation best practices and process improvements.Your Profile Bachelor's degree in Computer Science, Information Technology, Engineering, or a related discipline.6+ years of experience in Software Testing and Test Automation.Strong hands-on experience in Java programming and Object-Oriented Programming concepts.Proven expertise in Selenium WebDriver automation framework development and maintenance.Strong experience with BDD Cucumber, Gherkin, and behavior-driven testing practices.Hands-on experience in API Testing and Automation using Rest Assured, Postman, or similar tools.Solid understanding of REST APIs, JSON, XML, and API validation techniques.Experience integrating automation frameworks with CI/CD tools such as Jenkins, Azure DevOps, GitLab CI, or GitHub Actions.Good knowledge of TestNG/JUnit frameworks and test reporting tools.Experience with version control tools such as Git.Strong understanding of SDLC, STLC, and Agile/Scrum methodologies.Ability to debug, analyze, and troubleshoot complex application and automation issues.Excellent communication, stakeholder management, and problem-solving skills.Capgemini is an AI-powered global business and technology transformation partner, delivering tangible business value. We imagine the future of organizations and make it real with AI, technology and people. With our strong heritage of nearly 60 years, we are a responsible and diverse group of 420,000 team members in more than 50 countries. We deliver end-to-end services and solutions with our deep industry expertise and strong partner ecosystem, leveraging our capabilities across strategy, technology, design, engineering and business operations. The Group reported 2024 global revenues of €22.1 billion.Make it real | www.capgemini.com"
Guidewire Developer/Lead,"Noida, Mumbai (ex Bombay), Kolkata (ex Calcutta), Pune, Hyderabad, Chennai (ex Madras), Bhubaneswar",Capgemini,Permanent,Experienced Professionals,https://careers.capgemini.com/job/Bhubaneswar-Guidewire-DeveloperLead/1388138233/?feedId=388633&utm_source=CareerSite&tcsource=apply,"Choosing Capgemini means choosing a company where you will be empowered to shape your career in the way you’d like, where you’ll be supported and inspired by a collaborative community of colleagues around the world, and where you’ll be able to reimagine what’s possible. Join us and help the world’s leading organizations unlock the value of technology and build a more sustainable, more inclusive world.Your RoleWe are looking for experienced Guidewire professionals with strong hands-on expertise across PolicyCenter, ClaimCenter, BillingCenter, and Guidewire Integrations to design, configure, customize, and support scalable solutions for Property & Casualty insurance clients. The role involves working across the Guidewire InsuranceSuite ecosystem to enable seamless policy administration, claims management, billing operations, and system integrations.Design, develop, configure, and maintain Guidewire applications across PolicyCenter, ClaimCenter, BillingCenter, and Integration modules.Customize Guidewire components using Gosu, Java, Guidewire Studio, and configuration tools.Work on Guidewire PolicyCenter capabilities including policy administration, product configuration, underwriting rules, rating, pricing, renewals, endorsements, cancellations, and reinstatements.Develop and support ClaimCenter solutions including claim workflows, rules, plugins, batch processes, web services, and integrations with internal and external systems.Configure and enhance BillingCenter workflows such as invoices, payments, write-offs, adjustments, refunds, delinquency processes, commissions, payment allocation, and GL postings.Design and build integrations using the Guidewire Integration Framework, including plugins, messaging, web services, batch processes, event triggers, and data exchange pipelines.Develop and maintain SOAP/REST APIs, XML/XSD-based data exchanges, JSON structures, messaging components, and integration interfaces.Collaborate with business analysts, architects, QA teams, and cross-functional stakeholders to translate business requirements into scalable technical solutions.Perform unit testing, support QA/UAT phases, troubleshoot application and integration issues, and assist in production deployments.Participate in code reviews, Agile ceremonies, documentation, and development best practices to ensure quality and delivery excellence.Your Profile3+ years of experience in software development, with strong hands-on exposure to Guidewire InsuranceSuite applications.Strong experience in one or more Guidewire modules: PolicyCenter, ClaimCenter, BillingCenter, or Guidewire Integrations.Proficiency in Gosu, Java, XML, JSON, XSD, SQL, SOAP/REST Web Services, and Guidewire configuration tools.Good understanding of Property & Casualty insurance domain processes across policy, billing, claims, and integration landscapes.Hands-on experience with Guidewire data models, workflows, rules engine, plugins, messaging, batch processes, and web services.Experience integrating Guidewire applications with PolicyCenter, ClaimCenter, BillingCenter, comp raters, payment gateways, document systems, accounting platforms, customer portals, and other external systems.Familiarity with Agile/Scrum methodologies and tools such as JIRA and Confluence.Exposure to CI/CD pipelines, DevOps tools, Git, Jenkins, Maven, and cloud platforms such as AWS, Azure, or Guidewire Cloud is preferred.Strong problem-solving, analytical, communication, and documentation skills.Guidewire certification in PolicyCenter, ClaimCenter, BillingCenter, or Integration is preferred. What you will love about working hereOpportunity to work on large-scale Guidewire InsuranceSuite transformation programs for global P&C insurance clients.Exposure to end-to-end insurance technology delivery across policy, claims, billing, and integration platforms.Hands-on experience with modern engineering practices including Agile delivery, CI/CD, DevOps, cloud, and integration-led architecture.Structured learning, certifications, and continuous upskilling opportunities in insurance platforms and emerging technologies.A collaborative and inclusive culture focused on innovation, delivery excellence, and client value.Capgemini is an AI-powered global business and technology transformation partner, delivering tangible business value. We imagine the future of organizations and make it real with AI, technology and people. With our strong heritage of nearly 60 years, we are a responsible and diverse group of over 420,000 team members in more than 50 countries. We deliver end-to-end services and solutions with our deep industry expertise and strong partner ecosystem, leveraging our capabilities across strategy, technology, design, engineering and business operations. The Group reported 2025 global revenues of €22.5 billion.Capgemini in India comprises nearly 235,000 team members working across 13 locations: Bangalore, Bhubaneswar, Chennai, Coimbatore, Gandhinagar, Gurugram, Hyderabad, Kolkata, Mumbai, Noida, Pune, Salem, and Tiruchirappalli.Make it real | www.capgemini.com/in-en"
ServiceNow Agile Development,"Bangalore, Mumbai (ex Bombay), Gurgaon, Noida, Chennai (ex Madras), Hyderabad, Pune, Kolkata (ex Calcutta)",Capgemini,Permanent,Experienced Professionals,https://careers.capgemini.com/job/Bangalore-ServiceNow-Agile-Development/1415555833/?feedId=388633&utm_source=CareerSite&tcsource=apply,"Choosing Capgemini means choosing a company where you will be empowered to shape your career in the way you’d like, where you’ll be supported and inspired by a collaborative community of colleagues around the world, and where you’ll be able to reimagine what’s possible. Join us and help the world’s leading organizations unlock the value of technology and build a more sustainable, more inclusive world. Your RoleConfigure, customize, and enhance ServiceNow Agile Development (ADM) and Agile Development 2.0 modules based on business requirements.Develop and maintain workflows, business rules, UI policies, client scripts, and integrations within the ServiceNow platform.Collaborate with Product Owners, Scrum Masters, and development teams to support Agile planning, sprint management, and project tracking.Integrate ServiceNow Agile Development with other ServiceNow applications and third-party tools such as Jira, Azure DevOps, or CI/CD platforms.Perform platform upgrades, troubleshooting, testing, and ensure adherence to ServiceNow development best practices and governance standards.Your ProfileStrong hands-on experience with ServiceNow Agile Development (ADM) and Agile Development 2.0 modules and related platform capabilities.Expertise in ServiceNow scripting, including JavaScript, Business Rules, Client Scripts, Script Includes, UI Actions, and Flow Designer.Experience with ServiceNow integrations, REST/SOAP APIs, IntegrationHub, and data migration activities.Good understanding of Agile, Scrum, Kanban methodologies, sprint planning, backlog management, and release tracking processes.ServiceNow certifications such as Certified System Administrator (CSA), CAD, CIS-Agile Development, or related certifications are preferred.What you will love about working hereYou can shape your career with us. We offer a range of career paths and internal opportunities within Capgemini group. You will also get personalized career guidance from our leaders.You will get comprehensive wellness benefits including health checks, telemedicine, insurance with top-ups, elder care, partner coverage or new parent support via flexible work.At Capgemini, you can work on cutting-edge projects in tech and engineering with industry leaders or create solutions to overcome societal and environmental challenges.Capgemini is an AI-powered global business and technology transformation partner, delivering tangible business value. We imagine the future of organizations and make it real with AI, technology and people. With our strong heritage of nearly 60 years, we are a responsible and diverse group of 420,000 team members in more than 50 countries. We deliver end-to-end services and solutions with our deep industry expertise and strong partner ecosystem, leveraging our capabilities across strategy, technology, design, engineering and business operations. The Group reported 2024 global revenues of €22.1 billion.Make it real | www.capgemini.com"
SAP BTP IS CPI,"Pune, Bangalore, Gandhinagar, Mumbai",Capgemini Engineering,Permanent,Experienced Professionals,https://careers.capgemini.com/job/Mumbai-SAP-BTP-IS-CPI/1374558233/?feedId=388633&utm_source=CareerSite&tcsource=apply,"Choosing Capgemini means choosing a company where you will be empowered to shape your career in the way you’d like, where you’ll be supported and inspired by a collaborative community of colleagues around the world, and where you’ll be able to reimagine what’s possible. Join us and help the world’s leading organizations unlock the value of technology and build a more sustainable, more inclusive world. Your RoleDesign, build, and manage integration solutions using SAP BTP Integration Suite (CPI, API Management, Open Connectors).Develop end‑to‑end iFlows, perform message mappings, and implement Groovy/JavaScript scripts for transformation and error handling.Create, publish, and manage APIs using SAP API Management for secure and scalable integrations.Integrate SAP and non‑SAP applications across cloud and on-premise landscapes, ensuring seamless data exchange.Troubleshoot, optimize, and maintain existing integrations while adhering to best practices and architecture standards.Collaborate with business stakeholders, functional teams, and architects to understand requirements and deliver integration designs.Your Profile4–12 years of experience in SAP BTP Integration Suite & SAP CPIStrong hands‑on experience with SAP CPI, iFlows, API Management, Open Connectors, REST/SOAP, XML/JSON.Skilled in Groovy/JavaScript scripting, message mapping, error handling, and cloud‑native integration patterns.Good knowledge of SAP PI/PO, SAP HANA, Cloud Foundry, and enterprise integration principles (EAI/SOA).Experience delivering integrations across hybrid environments (SAP & non‑SAP).Familiarity with Agile/DevOps tools such as Git, Jenkins, and API lifecycle management.What you'll love about working hereYou can shape your career with us. We offer a range of career paths and internal opportunities within Capgemini group. You will also get personalized career guidance from our leaders.You will get comprehensive wellness benefits including health checks, telemedicine, insurance with top-ups, elder care, partner coverage or new parent support via flexible work.At Capgemini, you can work on cutting-edge projects in tech and engineering with industry leaders or create solutions to overcome societal and environmental challenges. Capgemini is an AI-powered global business and technology transformation partner, delivering tangible business value. We imagine the future of organizations and make it real with AI, technology and people. With our strong heritage of nearly 60 years, we are a responsible and diverse group of 420,000 team members in more than 50 countries. We deliver end-to-end services and solutions with our deep industry expertise and strong partner ecosystem, leveraging our capabilities across strategy, technology, design, engineering and business operations. The Group reported 2024 global revenues of €22.1 billion.Make it real | www.capgemini.com"
Sharepoint SPFX  Developer,"Hyderabad, Bangalore",Capgemini,Permanent,Experienced Professionals,https://careers.capgemini.com/job/Bangalore-Sharepoint-SPFX-Developer/1140981501/?feedId=388633&utm_source=CareerSite&tcsource=apply,"Choosing Capgemini means choosing a company where you will be empowered to shape your career in the way you’d like, where you’ll be supported and inspired by a collaborative community of colleagues around the world, and where you’ll be able to reimagine what’s possible. Join us and help the world’s leading organizations unlock the value of technology and build a more sustainable, more inclusive world.Your RoleSharePoint development including SharePoint online and SPFX.Develop Migration of Sharepoint to CloudHands-on experience in SharePoint Framework (SPFx) and React.Should have worked on content migration using any tools, tenant to tenant Migrations, On-prem to Online Migrations.Good to have experience in Power Automate Develop SP Workflows to PowerAutomate on SharePoint TransformationsSharePoint Architect with experience in on premise to online migrationsDemonstrated experience building workflow and collaboration solutions with tools such as SharePoint Designer, Power Automate, PowerApps (Canvas/Model driven App), Logic Apps, NintexWork on SharePoint Framework (SPFx) using React/Typescript.Work on SharePoint on-premises and migration to SharePoint online.Your ProfileWorking experience of 6+ in SharePoint Framework (SPFx) using React/Typescript.  Working experience with SharePoint on-premises and migration to SharePoint online. Experience in JavaScript, HTML5, JSON, CSOM, REST APIs, SQL, XML, CSS • Strong verbal and written communication skills Good analytical skills Additional Responsibilities  What you’ll love about working hereYou can shape your career with us. We offer a range of career paths and internal opportunities within Capgemini group. You will also get personalized career guidance from our leaders.You will get comprehensive wellness benefits including health checks, telemedicine, insurance with top-ups, elder care, partner coverage or new parent support via flexible work.You will have the opportunity to learn on one of the industry's largest digital learning platforms, with access to 250,000+ courses and numerous certificationsAbout CapgeminiCapgemini is a global business and technology transformation partner, helping organizations to accelerate their dual transition to a digital and sustainable world, while creating tangible impact for enterprises and society. It is a responsible and diverse group of 340,000 team members in more than 50 countries. With its strong over 55-year heritage, Capgemini is trusted by its clients to unlock the value of technology to address the entire breadth of their business needs. It delivers end-to-end services and solutions leveraging strengths from strategy and design to engineering, all fueled by its market leading capabilities in AI, generative AI, cloud and data, combined with its deep industry expertise and partner ecosystem."
Senior Software Engineer,Bangalore,Capgemini,Permanent,Experienced Professionals,https://careers.capgemini.com/job/Bangalore-Senior-Software-Engineer/1409663133/?feedId=388633&utm_source=CareerSite&tcsource=apply,"Job DescriptionDesign, develop, and implement integration solutions using webMethods Integration Server.Create and maintain Flow Services, Java Services, and Adapters.Develop and consume REST and SOAP web services.Work with Trading Networks, Broker/UM, MWS, and API Gateway.Integrate enterprise applications such as SAP, Oracle, Salesforce, and other third-party systems.Perform unit testing, troubleshooting, debugging, and performance tuning.Monitor production integrations and resolve incidents within SLA.Prepare technical design documents and support deployment activities.Job Description - Grade SpecificDesign, develop, and implement integration solutions using webMethods Integration Server.Create and maintain Flow Services, Java Services, and Adapters.Develop and consume REST and SOAP web services.Work with Trading Networks, Broker/UM, MWS, and API Gateway.Integrate enterprise applications such as SAP, Oracle, Salesforce, and other third-party systems.Perform unit testing, troubleshooting, debugging, and performance tuning."
SAP BTP CAP Lead,"Bangalore, Mumbai",Capgemini,Permanent,Experienced Professionals,https://careers.capgemini.com/job/Bangalore-SAP-BTP-CAP-Lead/1367727133/?feedId=388633&utm_source=CareerSite&tcsource=apply,"Choosing Capgemini means choosing a company where you will be empowered to shape your career in the way you’d like, where you’ll be supported and inspired by a collaborative community of colleagues around the world, and where you’ll be able to reimagine what’s possible. Join us and help the world’s leading organizations unlock the value of technology and build a more sustainable, more inclusive world. Your RoleDesign and build enterprise-grade services using SAP CAP (Cloud Application Programming Model) with CDS and OData on SAP BTP Cloud Foundry.Develop and maintain microservices/APIs using Node.js or Java, integrating with SAP HANA/HANA Cloud for data persistence and modelling. Implement XSUAA-based security, JWT/OAuth2 authentication, and secure connectivity via Destinations and Connectivity services. Optimize, test, and deploy applications; automate CI/CD and ensure robust logging via Audit Log on BTP.Collaborate with UI teams on SAP UI5/Fiori integration (added advantage) and align solutions with best practices on BTP.Your Profile4–10 years of experience in building cloud-native applications on SAP BTP using SAP CAP.Strong hands-on with CAP, CDS, OData Services, and either Node.js or Java.Experience with SAP HANA/HANA Cloud, Cloud Foundry, and XSUAA security configuration.Solid understanding of BTP services (Destinations, Audit Log, Connectivity) and REST/JSON/JWT/OAuth2.Familiarity with SAP UI5/Fiori development and end-to-end solution integration (nice to have).What You’ll Love About Working HereOpportunities to work with global clients on innovative SAP projects.Dynamic and inclusive workplace culture.Continuous learning and professional development support.Capgemini is an AI-powered global business and technology transformation partner, delivering tangible business value. We imagine the future of organizations and make it real with AI, technology and people. With our strong heritage of nearly 60 years, we are a responsible and diverse group of 420,000 team members in more than 50 countries. We deliver end-to-end services and solutions with our deep industry expertise and strong partner ecosystem, leveraging our capabilities across strategy, technology, design, engineering and business operations. The Group reported 2024 global revenues of €22.1 billion.Make it real | www.capgemini.com"
Playwright Test Automation,"Hyderabad, Pune",Capgemini,Permanent,Experienced Professionals,https://careers.capgemini.com/job/Hyderabad-Playwright-Test-Automation/1365697133/?feedId=388633&utm_source=CareerSite&tcsource=apply,"Choosing Capgemini means choosing a company where you will be empowered to shape your career in the way you’d like, where you’ll be supported and inspired by a collaborative community of colleagues around the world, and where you’ll be able to reimagine what’s possible. Join us and help the world’s leading organizations unlock the value of technology and build a more sustainable, more inclusive world.Your RoleDesign, develop, and maintain UI automation scripts using Playwright and Selenium WebDriver.Implement API automation using Rest Assured for validating RESTful services.Create and execute end‑to‑end test scenarios for both web and API applications.Integrate automated tests into CI/CD pipelines using tools such as Jenkins, Azure DevOps, and Git.Collaborate closely with developers, QA engineers, and product teams to define test strategies and acceptance criteria.Ensure high‑quality software delivery by contributing to test planning, automation strategy, and continuous improvement initiatives.Your Profile6+yrs strong programming skills in Java, with a solid understanding of automation best practices.Hands‑on experience with Playwright and Selenium WebDriver for UI automation.Expertise in API testing using Rest Assured.Good understanding of HTTP/REST, JSON/XML, and web services.Familiarity with CI/CD tools such as Jenkins and Azure DevOps, and version control using Git.Knowledge of SQL for data validation and backend testing.Experience working in Agile/Scrum environments.What will you love working at Capgemini?Opportunity to work on cutting‑edge automation frameworks with modern tools like Playwright, Selenium, and Rest Assured.Exposure to global Agile delivery teams and enterprise‑level automation pipelines.Structured learning programs, certifications, and continuous upskilling opportunities.Collaborative and innovation-led culture focused on engineering excellence and quality‑first delivery.Capgemini is an AI-powered global business and technology transformation partner, delivering tangible business value. We imagine the future of organizations and make it real with AI, technology and people. With our strong heritage of nearly 60 years, we are a responsible and diverse group of 420,000 team members in more than 50 countries. We deliver end-to-end services and solutions with our deep industry expertise and strong partner ecosystem, leveraging our capabilities across strategy, technology, design, engineering and business operations. The Group reported 2024 global revenues of €22.1 billion.Capgemini in India comprises nearly 235,000 team members working across 13 locations: Bangalore, Bhubaneswar, Chennai, Coimbatore, Gandhinagar, Gurugram, Hyderabad, Kolkata, Mumbai, Noida, Pune, Salem, and Tiruchirappalli.Make it real | www.capgemini.com/in-en. "
SAP BTP CAPM,"Gandhinagar, Pune, Bangalore, Mumbai",Capgemini,Permanent,Experienced Professionals,https://careers.capgemini.com/job/Mumbai-SAP-BTP-CAPM/1388798133/?feedId=388633&utm_source=CareerSite&tcsource=apply,"Choosing Capgemini means choosing a company where you will be empowered to shape your career in the way you’d like, where you’ll be supported and inspired by a collaborative community of colleagues around the world, and where you’ll be able to reimagine what’s possible. Join us and help the world’s leading organizations unlock the value of technology and build a more sustainable, more inclusive world. Your RoleDesign, build, and deploy cloud‑native applications on SAP BTP using CAP (CAPM)Develop backend services using Node.js or Java with CDS modeling and OData servicesWork with SAP HANA Cloud for data modeling, SQL, and performance tuningDeploy and manage applications on Cloud Foundry, handling security and authenticationCollaborate across teams and contribute to CI/CD, testing, and production supportYour Profile3+ years of hands‑on SAP BTP development experienceStrong expertise in CAPM (Cloud Application Programming Model)Proficient in Node.js or Java, CDS, and OData servicesExperience with SAP HANA Cloud, SQL, and schema designHands‑on exposure to Cloud Foundry, XSUAA, OAuth2, Git, and CI/CD pipelinesWhat you'll love about working with usYou can shape your career with us. We offer a range of career paths and internal opportunities within Capgemini group. You will also get personalized career guidance from our leaders.You will get comprehensive wellness benefits including health checks, telemedicine, insurance with top-ups, elder care, partner coverage or new parent support via flexible work.At Capgemini, you can work on cutting-edge projects in tech and engineering with industry leaders or create solutions to overcome societal and environmental challenges. Capgemini is an AI-powered global business and technology transformation partner, delivering tangible business value. We imagine the future of organizations and make it real with AI, technology and people. With our strong heritage of nearly 60 years, we are a responsible and diverse group of 420,000 team members in more than 50 countries. We deliver end-to-end services and solutions with our deep industry expertise and strong partner ecosystem, leveraging our capabilities across strategy, technology, design, engineering and business operations. The Group reported 2024 global revenues of €22.1 billion.Make it real | www.capgemini.com"
SDET Lead Automation Engineer,"Chennai (ex Madras), Hyderabad",Capgemini Engineering,Permanent,Experienced Professionals,https://careers.capgemini.com/job/Chennai-%28ex-Madras%29-SDET-Lead-Automation-Engineer/1418953633/?feedId=388633&utm_source=CareerSite&tcsource=apply,"Choosing Capgemini means choosing a company where you will be empowered to shape your career in the way you’d like, where you’ll be supported and inspired by a collaborative community of colleagues around the world, and where you’ll be able to reimagine what’s possible. Join us and help the world’s leading organizations unlock the value of technology and build a more sustainable, more inclusive world. Your RoleLead the design, development, and maintenance of automation frameworks for web and API testing.Develop robust automated test scripts using Playwright and other automation tools.Drive automation strategy and best practices across projects.Integrate automated test suites into CI/CD pipelines.Collaborate with developers, product owners, and QA teams to ensure quality throughout the SDLC.Your Profile8+ years of experience in Software Testing and Quality Engineering.Strong experience in test automation frameworks using JavaScript/TypeScript, Java, or Python.Hands-on experience with Playwright for UI automation.Experience with API automation using REST Assured, Postman, or similar tools.Strong understanding of CI/CD tools such as Jenkins, Azure DevOps, or GitHub Actions.Experience with Agile/Scrum methodologies.What Will You Love About Working at Capgemini.Opportunity to work on cutting-edge digital transformation programs.Exposure to global clients and large-scale enterprise applications.Collaborative and inclusive work culture.Capgemini is an AI-powered global business and technology transformation partner, delivering tangible business value. We imagine the future of organizations and make it real with AI, technology and people. With our strong heritage of nearly 60 years, we are a responsible and diverse group of 420,000 team members in more than 50 countries. We deliver end-to-end services and solutions with our deep industry expertise and strong partner ecosystem, leveraging our capabilities across strategy, technology, design, engineering and business operations. The Group reported 2024 global revenues of €22.1 billion.Make it real | www.capgemini.com"
Sr Java Developer / Technical Lead || 6 to 12 Years || Pune & Hyderabad,Pune,Capgemini,Permanent,Experienced Professionals,https://careers.capgemini.com/job/Pune-Sr-Java-Developer-Technical-Lead-6-to-12-Years-Pune-&-Hyderabad/1421493233/?feedId=388633&utm_source=CareerSite&tcsource=apply,"Job DescriptionJob Description - Grade SpecificIs fully competent in its own area and has a deep understanding of related programming concepts software design and software development principles. Works autonomously with minimal supervision. Able to act as a key contributor in a complex environment, lead the activities of a team for software design and software development. Acts proactively to understand internalorexternal client needs and offers advice even when not asked. Able to assess and adapt to project issues, formulate innovative solutions, work under pressure and drive team to succeed against its technical and commercial goals. Aware of profitability needs and may manage costs for specific projectorwork area. Explains difficult concepts to a variety of audiences to ensure meaning is understood. Motivates other team members and creates informal networks with key contacts outside own area."
Java + AWS + Typescript || 6 to 12 Years || Pune & Hyderabad,Pune,Capgemini,Permanent,Experienced Professionals,https://careers.capgemini.com/job/Pune-Java-%2B-AWS-%2B-Typescript-6-to-12-Years-Pune-&-Hyderabad/1421132033/?feedId=388633&utm_source=CareerSite&tcsource=apply,"Job DescriptionWorks in the area of Software Engineering which encompasses the development maintenance and optimization of software solutions and applications.1. Applies scientific methods to analyse and solve software engineering problems.2. He or she is responsible for the development and application of software engineering practice and knowledge in research design development and maintenance.3. He or she work requires the exercise of original thought and judgement and the ability to supervise the technical and administrative work of other software engineers.4. The software engineer builds skills and expertise of his or her software engineering discipline to reach standard software engineer skills expectations for the applicable role as defined in Professional Communities.5. The software engineer collaborates and acts as team player with other software engineers and stakeholders.Job Description - Grade SpecificIs highly respected, experienced and trusted. Masters all phases of the software development lifecycle and applies innovation and industrialization. Shows a clear dedication and commitment to business objectives and responsibilities and to the group as a whole. Operates with no supervision in highly complex environments and takes responsibility for a substantial aspect of Capgeminis activity. Is able to manage difficult and complex situations calmly and professionally. Considers ˜the bigger picture when making decisions and demonstrates a clear understanding of commercial and negotiating principles in less easy situations. Focuses on developing long term partnerships with clients. Demonstrates leadership that balances business, technical and people objectives.  Plays a significant part in the recruitment and development of people."
QA Automation Engineer - REST Assured,Bangalore,Capgemini,Permanent,Experienced Professionals,https://careers.capgemini.com/job/Bangalore-QA-Automation-Engineer-REST-Assured/1420991233/?feedId=388633&utm_source=CareerSite&tcsource=apply,"Choosing Capgemini means choosing a company where you will be empowered to shape your career in the way you’d like, where you’ll be supported and inspired by a collaborative community of colleagues around the world, and where you’ll be able to reimagine what’s possible. Join us and help the world’s leading organizations unlock the value of technology and build a more sustainable, more inclusive world.Your RoleDevelop and maintain API automation test scripts using Java and REST Assured.Design, execute, and validate functional, regression, and integration API test cases.Collaborate with development and product teams to ensure application quality.Integrate automated test suites with CI/CD pipelines and testing frameworks.Identify, log, track, and verify defects throughout the software lifecycle. Your Profile4+ years of experience in API Automation Testing.Strong hands-on expertise in Java, REST Assured, and API testing tools (Postman/Swagger).Good understanding of SDLC, STLC, Agile, and testing methodologies.Experience with Jenkins, Git, Maven, and automation frameworks.Strong analytical, troubleshooting, and communication skills.What will you love working hereYou can shape your career with us. We offer a range of career paths and internal opportunities within Capgemini group. You will also get personalized career guidance from our leaders.You will get comprehensive wellness benefits including health checks, telemedicine, insurance with top-ups, elder care, partner coverage or new parent support via flexible work.At Capgemini, you can work on cutting-edge projects in tech and engineering with industry leaders or create solutions to overcome societal and environmental challenges Capgemini is an AI-powered global business and technology transformation partner, delivering tangible business value. We imagine the future of organizations and make it real with AI, technology and people. With our strong heritage of nearly 60 years, we are a responsible and diverse group of 420,000 team members in more than 50 countries. We deliver end-to-end services and solutions with our deep industry expertise and strong partner ecosystem, leveraging our capabilities across strategy, technology, design, engineering and business operations. The Group reported 2024 global revenues of €22.1 billion.Make it real | www.capgemini.com"
Appium Automation Engineer,Chennai (ex Madras),Capgemini,Permanent,Experienced Professionals,https://careers.capgemini.com/job/Chennai-%28ex-Madras%29-Appium-Automation-Engineer/1420993633/?feedId=388633&utm_source=CareerSite&tcsource=apply,"Choosing Capgemini means choosing a company where you will be empowered to shape your career in the way you’d like, where you’ll be supported and inspired by a collaborative community of colleagues around the world, and where you’ll be able to reimagine what’s possible. Join us and help the world’s leading organizations unlock the value of technology and build a more sustainable, more inclusive world.Your RoleDevelop, maintain, and execute automated test scripts for Android and iOS applications using Appium.Design and implement mobile test automation frameworks to improve test coverage and efficiency.Perform functional, regression, integration, and end-to-end testing of mobile applications.Collaborate with developers, product owners, and QA teams to identify and resolve defects.Integrate automated test suites into CI/CD pipelines and ensure continuous quality delivery. Your Profile4+ years of experience in Mobile Automation Testing using Appium.Strong knowledge of Java and mobile automation frameworks for Android and iOS platforms.Hands-on experience with Appium, Selenium, TestNG/JUnit, and API testing tools.Experience with Git, Jenkins, Maven/Gradle, and Agile development methodologies.Strong analytical, debugging, and communication skills with a focus on quality assurance. What will you love working hereYou can shape your career with us. We offer a range of career paths and internal opportunities within Capgemini group. You will also get personalized career guidance from our leaders.You will get comprehensive wellness benefits including health checks, telemedicine, insurance with top-ups, elder care, partner coverage or new parent support via flexible work.At Capgemini, you can work on cutting-edge projects in tech and engineering with industry leaders or create solutions to overcome societal and environmental challenges. Capgemini is an AI-powered global business and technology transformation partner, delivering tangible business value. We imagine the future of organizations and make it real with AI, technology and people. With our strong heritage of nearly 60 years, we are a responsible and diverse group of 420,000 team members in more than 50 countries. We deliver end-to-end services and solutions with our deep industry expertise and strong partner ecosystem, leveraging our capabilities across strategy, technology, design, engineering and business operations. The Group reported 2024 global revenues of €22.1 billion.Make it real | www.capgemini.com"
OSS Development Technical Architect,Chennai (ex Madras),Capgemini,Permanent,Experienced Professionals,https://careers.capgemini.com/job/Chennai-%28ex-Madras%29-OSS-Development-Technical-Architect/1416087233/?feedId=388633&utm_source=CareerSite&tcsource=apply,"At Capgemini Engineering, the world leader in engineering services, we bring together a global team of engineers, scientists, and architects to help the world’s most innovative companies unleash their potential. From autonomous cars to life-saving robots, our digital and software technology experts think outside the box as they provide unique R&D and engineering services across all industries. Join us for a career full of opportunities. Where you can make a difference. Where no two days are the same.Job DescriptionOSS DeveloperExperience-10+YearsLocation-GurgaonJob DescriptionOverall 10+ years of full stack development experience using Java in Telecom domain3+ years of TMF compliant OSS solution development experience for any of - TMF633/634/638/639/641/645/652 specifications preferably using open-source frameworks- OpenSlice, Temporal, Camunda 4+ years of Full Stack development experience using Java, Springboot, event driven development3+ years of experience on transaction db- Postgres and NoSQL database- Mongo, CassandraExperience on TMF641 data modelling for IP transit services- ISP, Content Provider, PeeringGood understanding of telecom service fulfillment, activation workflows, and service lifecycle management.DesirableExperience in southbound integration with NSO, Inventory like Cisco NSO etc.Experience with OIDC/OAuth2 based authentication and API authorization using open source/third party IAM stacks like KeycloakExperience with API Gateway Integration, API management- versioning, URL re-writing and processingExperience in using Agentic AI, BMAD tools like Claude for software developmentExperience with messaging and queue services like Kafka, ActiveMQ and/or JMSExperience in CI/CD pipelines and DevOps practicesExperience with OpenStack and KubernetesKey Responsibilities-Design and develop TM Forum-compliant OSS solutions using modern Java and microservices architecture using Agentic AI factory.Implement service ordering, inventory, qualification, and fulfillment workflows using TMF Open APIs.Develop orchestration workflows using Temporal, Camunda, or equivalent workflow engines.Integrate OSS platforms with network orchestration systems such as Cisco NSO and inventory platforms.Build scalable event-driven architectures leveraging WebSockets, messaging, and asynchronous processing.Collaborate with architecture, network, and operations teams to deliver carrier-grade OSS capabilities.Implement secure APIs and integrations using OAuth2/OIDC standards.Drive adoption of AI-assisted development practices to improve engineering productivity and quality.Capgemini is a global business and technology transformation partner, helping organizations to accelerate their dual transition to a digital and sustainable world, while creating tangible impact for enterprises and society. It is a responsible and diverse group of 340,000 team members in more than 50 countries. With its strong over 55-year heritage, Capgemini is trusted by its clients to unlock the value of technology to address the entire breadth of their business needs. It delivers end-to-end services and solutions leveraging strengths from strategy and design to engineering, all fueled by its market leading capabilities in AI, generative AI, cloud and data, combined with its deep industry expertise and partner ecosystem."
Playwright Test Automation,"Pune, Bangalore",Capgemini Engineering,Permanent,Experienced Professionals,https://careers.capgemini.com/job/Bangalore-Playwright-Test-Automation/1410651233/?feedId=388633&utm_source=CareerSite&tcsource=apply,"Choosing Capgemini means choosing a company where you will be empowered to shape your career in the way you’d like, where you’ll be supported and inspired by a collaborative community of colleagues around the world, and where you’ll be able to reimagine what’s possible. Join us and help the world’s leading organizations unlock the value of technology and build a more sustainable, more inclusive world. Your RoleDesign, develop, and maintain UI automation scripts using Playwright and Selenium WebDriver.Implement API automation using Rest Assured for validating RESTful services.Create and execute end‑to‑end test scenarios for both web and API applications.Integrate automated tests into CI/CD pipelines using tools such as Jenkins, Azure DevOps, and Git.Collaborate closely with developers, QA engineers, and product teams to define test strategies and acceptance criteria.Ensure high‑quality software delivery by contributing to test planning, automation strategy, and continuous improvement initiatives.Your Profile6+yrs strong programming skills in Java, with a solid understanding of automation best practices.Hands‑on experience with Playwright and Selenium WebDriver for UI automation.Expertise in API testing using Rest Assured.Good understanding of HTTP/REST, JSON/XML, and web services.Familiarity with CI/CD tools such as Jenkins and Azure DevOps, and version control using Git.Knowledge of SQL for data validation and backend testing.Experience working in Agile/Scrum environments.What will you love working at Capgemini?Opportunity to work on cutting‑edge automation frameworks with modern tools like Playwright, Selenium, and Rest Assured.Exposure to global Agile delivery teams and enterprise‑level automation pipelines.Structured learning programs, certifications, and continuous upskilling opportunities.Collaborative and innovation-led culture focused on engineering excellence and quality‑first delivery.Capgemini is an AI-powered global business and technology transformation partner, delivering tangible business value. We imagine the future of organizations and make it real with AI, technology and people. With our strong heritage of nearly 60 years, we are a responsible and diverse group of 420,000 team members in more than 50 countries. We deliver end-to-end services and solutions with our deep industry expertise and strong partner ecosystem, leveraging our capabilities across strategy, technology, design, engineering and business operations. The Group reported 2024 global revenues of €22.1 billion.Make it real | www.capgemini.com"
Playwright Automation Engineer,"Pune, Bangalore",Capgemini,Permanent,Experienced Professionals,https://careers.capgemini.com/job/Bangalore-Playwright-Automation-Engineer/1417628833/?feedId=388633&utm_source=CareerSite&tcsource=apply,"Choosing Capgemini means choosing a company where you will be empowered to shape your career in the way you’d like, where you’ll be supported and inspired by a collaborative community of colleagues around the world, and where you’ll be able to reimagine what’s possible. Join us and help the world’s leading organizations unlock the value of technology and build a more sustainable, more inclusive world. Your RoleDevelop and execute automated test scripts using Playwright with JavaScript/TypeScript.Design and maintain robust automation frameworks.Perform functional, regression, smoke, and end-to-end testing.Collaborate with developers and product teams to ensure quality deliverables.Analyze test results, troubleshoot failures, and report defects.Your Profile6+ years of experience in test automation.Hands-on experience with Playwright and JavaScript/TypeScript.Strong understanding of web technologies (HTML, CSS, DOM, API interactions).Experience with Test Frameworks such as Playwright Test.Knowledge of Git, Jenkins/Azure DevOps/GitHub Actions.What will you love working at Capgemini?Work on cutting-edge automation projects using Playwright, JavaScript/TypeScript, and modern QA practices.Accelerate your career growth through continuous learning, certifications, and opportunities to work with global teams.Capgemini is an AI-powered global business and technology transformation partner, delivering tangible business value. We imagine the future of organizations and make it real with AI, technology and people. With our strong heritage of nearly 60 years, we are a responsible and diverse group of 420,000 team members in more than 50 countries. We deliver end-to-end services and solutions with our deep industry expertise and strong partner ecosystem, leveraging our capabilities across strategy, technology, design, engineering and business operations. The Group reported 2024 global revenues of €22.1 billion.Make it real | www.capgemini.com"
Agentic with Azure AIFoundry,Bangalore,Capgemini,Permanent,Experienced Professionals,https://careers.capgemini.com/job/Bangalore-Agentic-with-Azure-AIFoundry/1412117833/?feedId=388633&utm_source=CareerSite&tcsource=apply,"Choosing Capgemini means choosing a company where you will be empowered to shape your career in the way you’d like, where you’ll be supported and inspired by a collaborative community of colleagues around the world, and where you’ll be able to reimagine what’s possible. Join us and help the world’s leading organizations unlock the value of technology and build a more sustainable, more inclusive world.Your RoleDesign, develop, and deploy AI-powered solutions using Azure AI Foundry, Azure AI Services, and Azure Agent Services.Build intelligent applications leveraging Azure OpenAI, Cognitive Services, and Azure Machine Learning.Develop and manage AI Agents for automation, conversational experiences, and enterprise decision support.Collaborate with cross-functional teams to translate business requirements into scalable AI solutions.Ensure AI applications adhere to security, governance, compliance, and best-practice standards.Your ProfileBachelor’s or Master’s degree in Computer Science or a related field, with 5+ years of overall experience and at least 1 year in a similar AI-focused role.Hands-on experience in .NET, Java, or Python and cloud-native application development using Azure PaaS services.Proven track record of delivering AI/Agent-based projects using Azure AI Foundry, Azure AI Services, and Azure Agent Services.Strong understanding of AI architecture, model lifecycle management, and enterprise AI integration patterns.Azure certification (preferably AZ-102) and working knowledge of GitHub Copilot with strong software engineering capabilities.What you will love about working hereYou can shape your career with us. We offer a range of career paths and internal opportunities within Capgemini group. You will also get personalized career guidance from our leaders.You will get comprehensive wellness benefits including health checks, telemedicine, insurance with top-ups, elder care, partner coverage or new parent support via flexible work.At Capgemini, you can work on cutting-edge projects in tech and engineering with industry leaders or create solutions to overcome societal and environmental challenges. Capgemini is an AI-powered global business and technology transformation partner, delivering tangible business value. We imagine the future of organizations and make it real with AI, technology and people. With our strong heritage of nearly 60 years, we are a responsible and diverse group of 420,000 team members in more than 50 countries. We deliver end-to-end services and solutions with our deep industry expertise and strong partner ecosystem, leveraging our capabilities across strategy, technology, design, engineering and business operations. The Group reported 2024 global revenues of €22.1 billion.Make it real | www.capgemini.com"
"Java + Kafka / Java + Angular || Chennai, Bangalore, Hyderabad & Pune || 5 to 10 Years",Chennai (ex Madras),Capgemini,Permanent,Experienced Professionals,https://careers.capgemini.com/job/Chennai-%28ex-Madras%29-Java-%2B-Kafka-Java-%2B-Angular-Chennai%2C-Bangalore%2C-Hyderabad-&-Pune-5-to-10-Years/1411686733/?feedId=388633&utm_source=CareerSite&tcsource=apply,"Job DescriptionWorks in the area of Software Engineering which encompasses the development maintenance and optimization of software solutions and applications.1. Applies scientific methods to analyse and solve software engineering problems.2. He or she is responsible for the development and application of software engineering practice and knowledge in research design development and maintenance.3. He or she work requires the exercise of original thought and judgement and the ability to supervise the technical and administrative work of other software engineers.4. The software engineer builds skills and expertise of his or her software engineering discipline to reach standard software engineer skills expectations for the applicable role as defined in Professional Communities.5. The software engineer collaborates and acts as team player with other software engineers and stakeholders.Job Description - Grade SpecificIs highly respected, experienced and trusted. Masters all phases of the software development lifecycle and applies innovation and industrialization. Shows a clear dedication and commitment to business objectives and responsibilities and to the group as a whole. Operates with no supervision in highly complex environments and takes responsibility for a substantial aspect of Capgeminis activity. Is able to manage difficult and complex situations calmly and professionally. Considers ˜the bigger picture when making decisions and demonstrates a clear understanding of commercial and negotiating principles in less easy situations. Focuses on developing long term partnerships with clients. Demonstrates leadership that balances business, technical and people objectives.  Plays a significant part in the recruitment and development of people."
.Net Fullstack with Azure,Bangalore,Capgemini,Permanent,Experienced Professionals,https://careers.capgemini.com/job/Bangalore-_Net-Fullstack-with-Azure/1412140433/?feedId=388633&utm_source=CareerSite&tcsource=apply,"Choosing Capgemini means choosing a company where you will be empowered to shape your career in the way you’d like, where you’ll be supported and inspired by a collaborative community of colleagues around the world, and where you’ll be able to reimagine what’s possible. Join us and help the world’s leading organizations unlock the value of technology and build a more sustainable, more inclusive world.Your RoleDevelop and maintain scalable web applications using .NET and Angular/React.Design and build cloud-native solutions leveraging Microsoft Azure services.Create and consume REST APIs and integrate backend services with modern front-end applications.Collaborate with cross-functional teams to deliver high-quality software solutions.Ensure application performance, security, and adherence to best development practices.Your ProfileBachelor's degree in Computer Science or a related field.5-12 years of experience in .NET Full Stack Development with Angular or React.Strong expertise in C#, .NET Core, ASP.NET, Web APIs, JavaScript/TypeScript.Hands-on experience with Azure PaaS services, cloud deployment, and CI/CD pipelines.Good understanding of Git, Agile methodologies, and modern software development practices.What you will love about working hereYou can shape your career with us. We offer a range of career paths and internal opportunities within Capgemini group. You will also get personalized career guidance from our leaders.You will get comprehensive wellness benefits including health checks, telemedicine, insurance with top-ups, elder care, partner coverage or new parent support via flexible work. You will have the opportunity to learn on one of the industry's largest digital learning platforms, with access to 250,000+ courses and numerous certifications. Capgemini is an AI-powered global business and technology transformation partner, delivering tangible business value. We imagine the future of organizations and make it real with AI, technology and people. With our strong heritage of nearly 60 years, we are a responsible and diverse group of 420,000 team members in more than 50 countries. We deliver end-to-end services and solutions with our deep industry expertise and strong partner ecosystem, leveraging our capabilities across strategy, technology, design, engineering and business operations. The Group reported 2024 global revenues of €22.1 billion.Make it real | www.capgemini.com"
React JS Developer,Bangalore,Capgemini Engineering,Permanent,Experienced Professionals,https://careers.capgemini.com/job/Bangalore-React-JS-Developer/1420116433/?feedId=388633&utm_source=CareerSite&tcsource=apply,"At Capgemini Engineering, the world leader in engineering services, we bring together a global team of engineers, scientists, and architects to help the world’s most innovative companies unleash their potential. From autonomous cars to life-saving robots, our digital and software technology experts think outside the box as they provide unique R&D and engineering services across all industries. Join us for a career full of opportunities. Where you can make a difference. Where no two days are the same.Job DescriptionReactJS DeveloperLocation :- MysuruExperience :- 4+ yearsChoosing Capgemini means choosing a place where you’ll be empowered to shape your career, supported by a collaborative global community, and inspired to reimagine what’s possible. Join us in helping organizations build modern digital experiences through innovative and scalable web applications.Your RoleAs a ReactJS Developer, you will be responsible for developing high-quality, responsive, and performance-driven web applications using ReactJS and modern front-end technologies. You will collaborate closely with UI/UX designers, backend developers, and product teams to deliver seamless user experiences and scalable front-end solutions.In this role, you will:Convert UI/UX wireframes and mock-ups into high-quality, reusable, and maintainable code.Develop responsive and user-friendly web interfaces using ReactJS, Redux, and TypeScript.Build reusable components and implement efficient state management solutions.Integrate front-end applications with REST APIs and backend services.Optimize applications and components for maximum speed and scalability across devices and browsers.Participate in code reviews, troubleshooting, debugging, and performance tuning activities.Write and maintain unit test cases using Jest and React Testing Library.Ensure adherence to coding standards, design patterns, and front-end best practices. Your Profile6–10 years of experience in Front-End Development with strong expertise in ReactJS.Strong hands-on experience with JavaScript (ES6+), ReactJS, and modern front-end architecture.Good knowledge of HTML5, CSS3, Responsive Web Design, and cross-browser compatibility.Experience with Redux and/or Context API for state management.Strong understanding of React component lifecycle, hooks, and functional programming concepts.Experience consuming REST APIs and working with JSON data structures.Proficiency with Git and source code management practices.Familiarity with build and bundling tools such as Webpack, Vite, or Babel.Preferred / Nice-to-Have SkillsHands-on experience with TypeScript.Experience in unit testing using Jest and React Testing Library.Exposure to CI/CD pipelines and DevOps practices.Experience working with AmCharts controls and data visualization frameworks.Knowledge of web performance optimization techniques.Familiarity with Docker and containerized deployments.Understanding of Agile/Scrum development methodologies.About UsAt Capgemini Engineering, the world leader in engineering services, we bring together a global team of engineers, scientists, and architects to help the world’s most innovative companies unleash their potential. From autonomous cars to life-saving robots, our digital and software technology experts think outside the box as they provide unique R&D and engineering services across all industries. Join us for a career full of opportunities. Where you can make a difference. Where no two days are the same. At Capgemini Engineering, the world leader in engineering services, we bring together a global team of engineers, scientists, and architects to help the world’s most innovative companies unleash their potential. From autonomous cars to life-saving robots, our digital and software technology experts think outside the box as they provide unique R&D and engineering services across all industries. Join us for a career full of opportunities. Where you can make a difference. Where no two days are the same."
ReactJS Developer,Bangalore,Capgemini Engineering,Permanent,Experienced Professionals,https://careers.capgemini.com/job/Bangalore-ReactJS-Developer/1420119633/?feedId=388633&utm_source=CareerSite&tcsource=apply,"At Capgemini Engineering, the world leader in engineering services, we bring together a global team of engineers, scientists, and architects to help the world’s most innovative companies unleash their potential. From autonomous cars to life-saving robots, our digital and software technology experts think outside the box as they provide unique R&D and engineering services across all industries. Join us for a career full of opportunities. Where you can make a difference. Where no two days are the same.Job DescriptionReactJS DeveloperLocation :- MysuruExperience :- 4+ yearsChoosing Capgemini means choosing a place where you’ll be empowered to shape your career, supported by a collaborative global community, and inspired to reimagine what’s possible. Join us in helping organizations build modern digital experiences through innovative and scalable web applications.Your RoleAs a ReactJS Developer, you will be responsible for developing high-quality, responsive, and performance-driven web applications using ReactJS and modern front-end technologies. You will collaborate closely with UI/UX designers, backend developers, and product teams to deliver seamless user experiences and scalable front-end solutions.In this role, you will:Convert UI/UX wireframes and mock-ups into high-quality, reusable, and maintainable code.Develop responsive and user-friendly web interfaces using ReactJS, Redux, and TypeScript.Build reusable components and implement efficient state management solutions.Integrate front-end applications with REST APIs and backend services.Optimize applications and components for maximum speed and scalability across devices and browsers.Participate in code reviews, troubleshooting, debugging, and performance tuning activities.Write and maintain unit test cases using Jest and React Testing Library. Your Profile6–10 years of experience in Front-End Development with strong expertise in ReactJS.Strong hands-on experience with JavaScript (ES6+), ReactJS, and modern front-end architecture.Good knowledge of HTML5, CSS3, Responsive Web Design, and cross-browser compatibility.Experience with Redux and/or Context API for state management.Strong understanding of React component lifecycle, hooks, and functional programming concepts.Experience consuming REST APIs and working with JSON data structures.Proficiency with Git and source code management practices.Familiarity with build and bundling tools such as Webpack, Vite, or Babel.Preferred / Nice-to-Have SkillsHands-on experience with TypeScript.Experience in unit testing using Jest and React Testing Library.Exposure to CI/CD pipelines and DevOps practices.Experience working with AmCharts controls and data visualization frameworks.Knowledge of web performance optimization techniques.Familiarity with Docker and containerized deployments.Understanding of Agile/Scrum development methodologiesAbout UsAt Capgemini Engineering, the world leader in engineering services, we bring together a global team of engineers, scientists, and architects to help the world’s most innovative companies unleash their potential. From autonomous cars to life-saving robots, our digital and software technology experts think outside the box as they provide unique R&D and engineering services across all industries. Join us for a career full of opportunities. Where you can make a difference. Where no two days are the same. At Capgemini Engineering, the world leader in engineering services, we bring together a global team of engineers, scientists, and architects to help the world’s most innovative companies unleash their potential. From autonomous cars to life-saving robots, our digital and software technology experts think outside the box as they provide unique R&D and engineering services across all industries. Join us for a career full of opportunities. Where you can make a difference. Where no two days are the same."
Test Automation Engineer,"Bangalore, Pune",Capgemini,Permanent,Experienced Professionals,https://careers.capgemini.com/job/Pune-Test-Automation-Engineer/1381568333/?feedId=388633&utm_source=CareerSite&tcsource=apply,"Job DescriptionChoosing Capgemini means choosing a company where you will be empowered to shape your career in the way you’d like, where you’ll be supported and inspired by a collaborative community of colleagues around the world, and where you’ll be able to reimagine what’s possible. Join us and help the world’s leading organizations unlock the value of technology and build a more sustainable, more inclusive world.  Your RoleDesign, develop, and maintain UI automation scripts using Playwright and Selenium WebDriver.Implement API automation using Rest Assured for validating RESTful services.Create and execute end‑to‑end test scenarios for both web and API applications.Integrate automated tests into CI/CD pipelines using tools such as Jenkins, Azure DevOps, and Git.Collaborate closely with developers, QA engineers, and product teams to define test strategies and acceptance criteria.Ensure high‑quality software delivery by contributing to test planning, automation strategy, and continuous improvement initiatives.Your Profile6+yrs strong programming skills in Java, with a solid understanding of automation best practices.Hands‑on experience with Playwright and Selenium WebDriver for UI automation.Expertise in API testing using Rest Assured.Good understanding of HTTP/REST, JSON/XML, and web services.Familiarity with CI/CD tools such as Jenkins and Azure DevOps, and version control using Git.Knowledge of SQL for data validation and backend testing.Experience working in Agile/Scrum environments."
"Cloud, Data Science & AI Architect",Bangalore,Capgemini Engineering,Permanent,Executives,https://careers.capgemini.com/job/Bangalore-Cloud%2C-Data-Science-&-AI-Architect/1419724233/?feedId=388633&utm_source=CareerSite&tcsource=apply,"Roles & ResponsibilitiesDefine and own the end-to-end architecture for enterprise cloud, data, analytics, machine learning and Generative AI platforms.Architect and lead the development of scalable cloud and data platforms supporting digital transformation, business intelligence, advanced analytics and AI initiatives.Design cloud-native, distributed and microservices-based solution architectures on AWS, Microsoft Azure or Google Cloud Platform.Define scalable data architectures for batch, streaming, event-driven and real-time processing workloads.Design enterprise data platforms covering data ingestion, transformation, storage, metadata management, governance, analytics and consumption.Architect data-lake, data-warehouse and lakehouse solutions using platforms such as Databricks, Snowflake, Microsoft Fabric, BigQuery, Synapse or equivalent technologies.Design cloud-native data products, APIs and reusable services that enable business intelligence, advanced analytics and AI applications.Lead the architecture and deployment of machine-learning solutions, including model development, feature engineering, deployment, monitoring, retraining and lifecycle management.Define and implement MLOps architectures using platforms and tools such as MLflow, Azure Machine Learning, Amazon SageMaker or equivalent technologies.Lead the design of Generative AI solutions using large language models, retrieval-augmented generation, vector databases, prompt engineering and agent-based frameworks.Define AI orchestration patterns for intelligent assistants, copilots, autonomous agents and domain-specific AI applications.Design and optimise enterprise-grade data pipelines to ensure reliable, scalable and high-quality data processing.Architect streaming and real-time analytics solutions using Apache Kafka, Amazon Kinesis, Apache Pulsar, Apache Flink, Spark Streaming or equivalent technologies.Establish data-modelling, indexing, partitioning, caching and performance-optimisation standards for relational, NoSQL and analytical data stores.Design integration frameworks using APIs, event-driven architectures, messaging platforms and enterprise data ecosystems.Work closely with data scientists, data engineers, cloud engineers, software architects, product teams and business stakeholders to deliver end-to-end solutions.Establish architecture standards and best practices for cloud engineering, data engineering, DataOps, MLOps, DevSecOps, security, governance and operational excellence.Define modern CI/CD, automated-testing and Infrastructure-as-Code practices using Terraform, CloudFormation, Bicep or equivalent technologies.Ensure that cloud, data and AI solutions comply with enterprise requirements for security, privacy, regulatory compliance, data sovereignty and responsible AI.Define observability, monitoring, reliability, high-availability, disaster-recovery and cost-optimisation strategies.Evaluate emerging cloud, analytics, data science and AI technologies and recommend appropriate enterprise adoption strategies.Conduct architecture assessments, technology evaluations, proofs of concept and solution trade-off analyses.Collaborate with business and technology stakeholders to define technical roadmaps, target-state architectures and phased implementation strategies.Job Description - Grade SpecificExtensive experience designing scalable, secure and highly available enterprise solutions on AWS, Microsoft Azure or Google Cloud Platform.Strong understanding of cloud-native, distributed, event-driven and microservices-based architectures.Deep expertise in designing and implementing enterprise data platforms covering ingestion, processing, storage, governance, analytics and data consumption.Strong experience with data-lake, data-warehouse and lakehouse architecture patterns.Hands-on experience with data-engineering platforms such as Apache Spark, Databricks, Snowflake, Google BigQuery, Azure Synapse Analytics, Microsoft Fabric or equivalent technologies.Strong experience with relational, NoSQL and analytical databases, including data modelling, indexing, partitioning and performance optimisation.Experience designing batch, near-real-time and real-time data-processing solutions.Hands-on experience with streaming platforms such as Apache Kafka, Amazon Kinesis, Apache Pulsar, Apache Flink or Spark Streaming.Strong understanding of machine-learning and AI lifecycle management, including data preparation, model development, validation, deployment, monitoring, retraining and governance.Experience designing and implementing enterprise MLOps platforms and practices.Hands-on experience with tools such as MLflow, Azure Machine Learning, Amazon SageMaker or equivalent platforms.Strong experience building Generative AI applications using large language models and retrieval-augmented generation architectures.Experience with prompt engineering, model orchestration, grounding, evaluation, guardrails and responsible-AI practices.Experience designing agent-based and multi-agent AI solutions using frameworks such as LangChain, LangGraph, Semantic Kernel or equivalent technologies.Experience with vector databases and semantic-search platforms such as Pinecone, Weaviate, Azure AI Search, OpenSearch, pgvector or equivalent technologies.Proficiency in Python and SQL, together with working knowledge of at least one additional language such as Java, Golang or Node.js.Experience developing and deploying cloud-native APIs, microservices and data services.Strong understanding of API management, service integration and event-driven integration patterns.Experience with Kubernetes, Docker, serverless computing and container-based deployment architectures.Familiarity with modern CI/CD, DataOps, MLOps, Infrastructure as Code and DevSecOps practices.Hands-on experience with Terraform, CloudFormation, Bicep or equivalent automation technologies.Strong knowledge of enterprise data governance, metadata management, lineage, data quality, master-data management and access controls.Experience with cloud and data security, including encryption, identity and access management, key management, network security and secure data sharing.Understanding of regulatory, privacy and compliance requirements applicable to enterprise data and AI platforms.Familiarity with business-intelligence and visualisation platforms such as Power BI, Tableau or Looker.Experience in the energy, utilities, manufacturing, rail, industrial or other asset-intensive industries would be advantageous."
OpenText-Content server/ XECM Developer,Bangalore,Capgemini,Permanent,Experienced Professionals,https://careers.capgemini.com/job/Bangalore-OpenText-Content-server-XECM-Developer/1095422201/?feedId=388633&utm_source=CareerSite&tcsource=apply,"Choosing Capgemini means choosing a company where you will be empowered to shape your career in the way you’d like, where you’ll be supported and inspired by a collaborative community of colleagues around the world, and where you’ll be able to reimagine what’s possible. Join us and help the world’s leading organizations unlock the value of technology and build a more sustainable, more inclusive world.Your RoleTroubleshoot and implement large and complex Extended ECM integrated Solutions within the client system architectureVery good judgement skills and ability to shape compelling solutions and solve unstructured problems with assumptionsVery good collaboration skills and ability to interact with multi-cultural and multi-functional teams spread across geographiesIn depth knowledge of Records Manager & Rich experience in OpenText components is an added advantageSuperb leadership and team building skills with ability to build consensus and achieve goals through collaboration rather than direct line authority Your ProfileExperience in Open Text ECM or xECM.Extension hand-on experience with xECM Solutions and experience in OpenText xECM implementation for SuccessFactors with cloud integration and powerdocs templates designing is a must.xECM for SuccessFactors end to end implementation with Docusign and custom application link is a must.OpenText Extended ECM experience including Content Server 22.x, Archive Server , OTDS.Well-versed in creating workflow, forms and business validation process using xECM suiteExpertise in Java scripting, OScript, Scripting languages, SQL/Oracle Database & familiar with GCP and Docusign IntegrationExperience on customization using Web-Services, REST APIsWhat you’ll love about working hereChoosing Capgemini means having the opportunity to make a difference, whether for the world’s leading businesses or for society. It means getting the support you need to shape your career in the way that works for you. It means when the future doesn’t look as bright as you’d like, you have the opportunity to make change: to rewrite it. When you join Capgemini, you don’t just start a new job. You become part of something bigger. A diverse collective of free-thinkers, entrepreneurs and experts, all working together to unleash human energy through technology, for an inclusive and sustainable future. At Capgemini, people are at the heart of everything we do! You can exponentially grow your career by being part of innovative projects and taking advantage of our extensive Learning & Development programs. With us, you will experience an inclusive, safe, healthy, and flexible work environment to bring out the bestin you! You also get a chance to make positive social change and build a better world by taking an active role in our Corporate Social Responsibility and Sustainability initiatives. And whilst you make a difference, you will also have a lot of fun. About CapgeminiCapgemini is a global business and technology transformation partner, helping organizations to accelerate their dual transition to a digital and sustainable world, while creating tangible impact for enterprises and society. It is a responsible and diverse group of 340,000 team members in more than 50 countries. With its strong over 55-year heritage, Capgemini is trusted by its clients to unlock the value of technology to address the entire breadth of their business needs. It delivers end-to-end services and solutions leveraging strengths from strategy and design to engineering, all fueled by its market leading capabilities in AI, generative AI, cloud and data, combined with its deep industry expertise and partner ecosystem."
AWS Java,Bangalore,Capgemini,Permanent,Experienced Professionals,https://careers.capgemini.com/job/Bangalore-AWS-Java/1419512233/?feedId=388633&utm_source=CareerSite&tcsource=apply,"Job DescriptionWorks in the area of Software Engineering which encompasses the development maintenance and optimization of software solutions and applications.1. Applies scientific methods to analyse and solve software engineering problems.2. He or she is responsible for the development and application of software engineering practice and knowledge in research design development and maintenance.3. He or she work requires the exercise of original thought and judgement and the ability to supervise the technical and administrative work of other software engineers.4. The software engineer builds skills and expertise of his or her software engineering discipline to reach standard software engineer skills expectations for the applicable role as defined in Professional Communities.5. The software engineer collaborates and acts as team player with other software engineers and stakeholders.Job Description - Grade SpecificIs highly respected, experienced and trusted. Masters all phases of the software development lifecycle and applies innovation and industrialization. Shows a clear dedication and commitment to business objectives and responsibilities and to the group as a whole. Operates with no supervision in highly complex environments and takes responsibility for a substantial aspect of Capgeminis activity. Is able to manage difficult and complex situations calmly and professionally. Considers ˜the bigger picture when making decisions and demonstrates a clear understanding of commercial and negotiating principles in less easy situations. Focuses on developing long term partnerships with clients. Demonstrates leadership that balances business, technical and people objectives.  Plays a significant part in the recruitment and development of people."
Salesforce Marketing Cloud & Personalization Specialist 1,Navi Mumbai,Capgemini,Permanent,Experienced Professionals,https://careers.capgemini.com/job/Navi-Mumbai-Salesforce-Marketing-Cloud-&-Personalization-Specialist-1/1385244533/?feedId=388633&utm_source=CareerSite&tcsource=apply,"Choosing Capgemini means choosing a company where you will be empowered to shape your career in the way you’d like, where you’ll be supported and inspired by a collaborative community of colleagues around the world, and where you’ll be able to reimagine what’s possible. Join us and help the world’s leading organizations unlock the value of technology and build a more sustainable, more inclusive world. Your RoleWe are looking for an experienced Salesforce Marketing Cloud (SFMC) Developer 6+ years to design, build, and support scalable marketing automation solutions. You will partner with business and marketing teams to deliver personalized customer journeys, automated campaigns, and integrated data-driven communications using SFMC.Your ProfileBuild and enhance SFMC solutions using AMPscript, SQL, and SSJS, including dynamic and responsive email templates.Develop Cloud Pages using HTML, CSS, JavaScript, and AMPscript for landing pages, preference centers, and campaign experiences.Hands‑on experience across Marketing Cloud Studios and Builders, including Email Studio, Journey Builder, Automation Studio, MobileConnect, and Personalization Builder for Emails, with strong understanding of Audience Builder.Strong knowledge of the Marketing Cloud contact data model, data extensions, and database integrations.Ability to translate business requirements into scalable technical solutions across multiple business units.Exposure to REST/SOAP web service integrations is an added advantage.Mandatory: Hands‑on SFMC development experience with AMPscript + SQL + SSJS and SFMC certification (SFMC Developer / SFMC Consultant / Salesforce Data Cloud).What you'll love about working hereYou can shape your career with us. We offer a range of career paths and internal opportunities within Capgemini group. You will also get personalized career guidance from our leaders.You will get comprehensive wellness benefits including health checks, telemedicine, insurance with top-ups, elder care, partner coverage or new parent support via flexible work.At Capgemini, you can work on cutting-edge projects in tech and engineering with industry leaders or create solutions to overcome societal and environmental challenges.Capgemini is an AI-powered global business and technology transformation partner, delivering tangible business value. We imagine the future of organizations and make it real with AI, technology and people. With our strong heritage of nearly 60 years, we are a responsible and diverse group of 420,000 team members in more than 50 countries. We deliver end-to-end services and solutions with our deep industry expertise and strong partner ecosystem, leveraging our capabilities across strategy, technology, design, engineering and business operations. The Group reported 2024 global revenues of €22.1 billion.Make it real | www.capgemini.com"
Full Stack Developer,Chennai (ex Madras),Capgemini Engineering,Permanent,Experienced Professionals,https://careers.capgemini.com/job/Chennai-%28ex-Madras%29-Full-Stack-Developer/1410651533/?feedId=388633&utm_source=CareerSite&tcsource=apply,"At Capgemini Engineering, the world leader in engineering services, we bring together a global team of engineers, scientists, and architects to help the world’s most innovative companies unleash their potential. From autonomous cars to life-saving robots, our digital and software technology experts think outside the box as they provide unique R&D and engineering services across all industries. Join us for a career full of opportunities. Where you can make a difference. Where no two days are the same.Job DescriptionFull Stack Developer (MEAN / MERN / MEVN with GenAI and RAG)Location :- Nellikupam, Chennai Experience 4+ yearsChoosing Capgemini means choosing a place where you'll be empowered to shape your career, supported by a collaborative global community, and inspired to reimagine what's possible. Join us in building next-generation digital platforms and intelligent applications that leverage modern JavaScript frameworks and emerging AI technologies. Based on the format provided in the uploaded document.Your RoleAs a Full Stack Developer, you will be responsible for designing, developing, and maintaining scalable web applications using modern JavaScript technologies across the frontend and backend. You will collaborate with cross-functional teams to deliver high-performance, secure, and user-centric solutions while contributing to the adoption of Generative AI capabilities.In this role, you will:Design, develop, and maintain scalable full-stack applications using MEAN, MERN, and MEVN technology stacks.Build rich, interactive, and responsive user interfaces using Angular, React, and Vue.js.Develop backend services, business logic, and RESTful APIs using Node.js and Express.js.Work with MongoDB and other NoSQL databases to design efficient and scalable data models.Implement AJAX-based interactions and advanced DOM manipulation techniques to enhance user experience.Collaborate closely with Product Owners, UI/UX Designers, QA teams, and DevOps engineers throughout the software development lifecycle.Build, test, and deploy applications through CI/CD pipelines and modern DevOps practices.Good to HaveDevelop and integrate Generative AI solutions into enterprise applications.Implement LLM-based capabilities such as conversational chatbots, content generation, summarization, and intelligent search.Design and develop Retrieval-Augmented Generation (RAG) pipelines.Build AI-powered workflows using frameworks such as LangChain.Experience working with Vector Databases, Prompt Engineering, and AI orchestration frameworks.Familiarity with cloud platforms such as Azure, AWS, or Google Cloud for AI deployments.Your ProfileStrong hands-on experience with JavaScript, TypeScript, Node.js, Express.js, Angular, React.js, and/or Vue.js.Experience building scalable web applications using MEAN, MERN, or MEVN frameworks.Proficiency in MongoDB and other NoSQL databases.Good understanding of REST APIs, microservices architecture, and web security principles.Experience with Git, CI/CD pipelines, and Agile development methodologies. About UsCapgemini is a global business and technology transformation partner, helping organizations accelerate their digital transformation journeys. With deep industry expertise and market-leading capabilities in cloud, data, AI, and software engineering, Capgemini supports clients in addressing complex business challenges and driving sustainable growth. Capgemini's diverse global workforce is committed to unleashing human energy through technology for an inclusive and sustainable future. Job Description - Grade SpecificFocus on Digital Continuity and Manufacturing. Develops competency in own area of expertise. Shares expertise and provides guidance and support to others. Interprets clients needs. Completes own role independently or with minimum supervision. Identifies problems and relevant issues in straight forward situations and generates solutions. Contributes in teamwork and interacts with customers.At Capgemini Engineering, the world leader in engineering services, we bring together a global team of engineers, scientists, and architects to help the world’s most innovative companies unleash their potential. From autonomous cars to life-saving robots, our digital and software technology experts think outside the box as they provide unique R&D and engineering services across all industries. Join us for a career full of opportunities. Where you can make a difference. Where no two days are the same."
Forgerock/Ping One AIC Senior Developer,Pune,Capgemini,Permanent,Experienced Professionals,https://careers.capgemini.com/job/Pune-ForgerockPing-One-AIC-Senior-Developer/1418253833/?feedId=388633&utm_source=CareerSite&tcsource=apply,"Choosing Capgemini means choosing a company where you will be empowered to shape your career in the way you’d like, where you’ll be supported and inspired by a collaborative community of colleagues around the world, and where you’ll be able to reimagine what’s possible. Join us and help the world’s leading organizations unlock the value of technology and build a more sustainable, more inclusive world. Your RoleWe are looking for an experienced Forgerock/Ping One AIC Sr. Developer to join our Identity and Access Management (IAM) team with 9 - 12 years of experience to join our team for PAN India Location. The ideal candidate will be responsible for designing, developing, and maintaining ForgeRock IAM solutions to support secure and scalable identity services across the enterprise.  5-7 Years of ForgeRock/PingOne AIC development and support experience.Design and develop workflows for implementation of ForgeRock IAM using cutting-edge Java and Groovy based programs.Experience with ForgeRock/PingOne AIC Experience in installation and configurations.Must have a thorough understanding and work experience for Single Sign-On, Access management, Identity Federation, Multi-factor authentication, Risk-based authentication.Must have a thorough understanding and work experience for technologies such as Header based Single Sign On, SAML, OAuth, etc.Hands-On experience with ForgeRock customization like UI, writing scripts for Nodes, other custom scripts like OIDC, oauth2.0 and developing code using Javascript, JAVA and Groovy script.Experience on PingOne Advance Identity cloud (ForgeRock Identity Cloud) will be added advantage.Experience with ForgeRock OpenIDM (Identity management) system for On-time provisioning deprovisioning will be added advantage.Good to have knowledge of SSL certificate creation / deployment / renewal.knowledge of working in Agile and DevOps platform.Your ProfileWorking knowledge of IAM integration using REST, JAVA, Java script etc.Experience with Database (Oracle, MSSQL, MySQL etc)Experience with Directories (LDAP, Active Directory)Experience with Design document, Test case development.Experience with Application Servers (WebLogic/WebSphere/Tomcat/Apache).What you'll love about working hereYou can shape your career with us.We offer a range of career paths and internal opportunities within Capgemini group.You will also get personalized career guidance from our leaders.Capgemini is an AI-powered global business and technology transformation partner, delivering tangible business value. We imagine the future of organizations and make it real with AI, technology and people. With our strong heritage of nearly 60 years, we are a responsible and diverse group of 420,000 team members in more than 50 countries. We deliver end-to-end services and solutions with our deep industry expertise and strong partner ecosystem, leveraging our capabilities across strategy, technology, design, engineering and business operations. The Group reported 2024 global revenues of €22.1 billion.Make it real | www.capgemini.com"
Agentic AI Developer,Navi Mumbai,Capgemini Invent,Permanent,Experienced Professionals,https://careers.capgemini.com/job/Navi-Mumbai-Agentic-AI-Developer/1402722133/?feedId=388633&utm_source=CareerSite&tcsource=apply,"Your RoleWe are seeking a highly skilled Agentic AI Developer to design, build, and deploy intelligent autonomous systems using Azure AI Foundry. The role involves developing AI agents capable of reasoning, planning, and executing workflows using LLMs and enterprise data- Design agentic architectures- Build AI agents with planning and tool use- Develop multi-agent systems- Implement RAG pipelinesYour Profile- Integrate APIs and enterprise systems- Monitor performance and ensure responsible AI- Knowledge on Python / C# / JavaScript,Vector databases, API and microservices-Knowledge on Azure AI Foundry / Azure OpenAI and Prompt engineering and RAGWhat you will love about working here· We recognize the significance of flexible work arrangements to provide support. Be it remote work, or flexible work hours, you will get an environment to maintain healthy work life balance.· At the heart of our mission is your career growth. Our array of career growth programs and diverse professions are crafted to support you in exploring a world of opportunities.· Equip yourself with valuable certifications in the latest technologies such as Generative AI."
API Automation Test Engineer,Bangalore,Capgemini,Permanent,Experienced Professionals,https://careers.capgemini.com/job/Bangalore-API-Automation-Test-Engineer/1418096733/?feedId=388633&utm_source=CareerSite&tcsource=apply,"At Sogeti, we believe the best is inside every one of us. Whether you are early in your career or at the top of your game, we’ll encourage you to fulfill your potential to be better. Through our shared passion for technology, our entrepreneurial culture , and our focus on continuous learning, we’ll provide everything you need to do your best work and become the best you can be.​  Your RoleDesign, develop, and maintain automated API test scripts using Rest Assured and Java.Execute functional, integration, regression, and end-to-end testing for RESTful APIs and microservices.Validate API requests, responses, data integrity, and performance against business requirements.Collaborate with developers, business analysts, and QA teams to ensure high-quality releases.Analyze test results, log defects, and contribute to automation framework enhancements and CI/CD integration.Your Profile6-9 years of experience in QA/Test Automation with strong hands-on expertise in API Automation using Rest Assured and Java.Good understanding of REST APIs, JSON, XML, HTTP protocols, and API validation techniques.Experience with TestNG/JUnit, Maven, Git, and automation framework development.Exposure to API testing tools such as Postman, Swagger, and SoapUI, along with CI/CD tools like Jenkins.Strong analytical, debugging, and communication skills with experience working in Agile environments.What Will You Love Working at Capgemini?Opportunity to work on enterprise-scale digital transformation projects involving modern API and microservices architectures.Continuous learning, certification support, and a collaborative culture that enables career growth and innovation.Part of the Capgemini Group, Sogeti makes business value through technology for organizations that need to implement innovation at speed and want a local partner with global scale. With a hands-on culture and close proximity to its clients, Sogeti implements solutions that will help organizations work faster, better, and smarter. By combining its agility and speed of implementation through a DevOps approach, Sogeti delivers innovative solutions in quality engineering, cloud and application development, all driven by AI, data and automation.​ "
GW Automation Tester,Hyderabad,Capgemini Engineering,Permanent,Experienced Professionals,https://careers.capgemini.com/job/Hyderabad-GW-Automation-Tester/1418100933/?feedId=388633&utm_source=CareerSite&tcsource=apply,"Choosing Capgemini means choosing a company where you will be empowered to shape your career in the way you’d like, where you’ll be supported and inspired by a collaborative community of colleagues around the world, and where you’ll be able to reimagine what’s possible. Join us and help the world’s leading organizations unlock the value of technology and build a more sustainable, more inclusive world. Your RoleDesign, develop, and execute automated test scripts using Playwright for Guidewire Insurance applications.Perform functional, regression, integration, and end-to-end testing across PolicyCenter, BillingCenter, and ClaimCenter modules.Collaborate with Business Analysts, Developers, and Product Owners to understand requirements and define test scenarios.Identify, log, track, and validate defects using test management and defect tracking tools.Participate in Agile ceremonies and contribute to continuous improvement of test automation frameworks and QA processes.Your Profile7+ years of experience in Insurance Testing with hands-on exposure to Guidewire applications.Strong expertise in Playwright automation using JavaScript/TypeScript and framework development.Good understanding of software testing methodologies, Agile practices, and test lifecycle management.Experience with API testing, CI/CD tools, Git, and test reporting frameworks.Excellent analytical, problem-solving, communication, and stakeholder management skills.What will you Love Working at CapgeminiOpportunity to work on large-scale digital transformation programs for leading global insurance clients.Access to cutting-edge automation technologies, cloud platforms, and continuous learning programs.Collaborative and inclusive work culture that encourages innovation and knowledge sharing.Clear career growth pathways with certifications, mentorship, and leadership development opportunitiesCapgemini is an AI-powered global business and technology transformation partner, delivering tangible business value. We imagine the future of organizations and make it real with AI, technology and people. With our strong heritage of nearly 60 years, we are a responsible and diverse group of 420,000 team members in more than 50 countries. We deliver end-to-end services and solutions with our deep industry expertise and strong partner ecosystem, leveraging our capabilities across strategy, technology, design, engineering and business operations. The Group reported 2024 global revenues of €22.1 billion.Make it real | www.capgemini.com"
Java + Mulesoft || 6 to 9 Years || Hyderabad,Hyderabad,Capgemini,Permanent,Executives,https://careers.capgemini.com/job/Hyderabad-Java-%2B-Mulesoft-6-to-9-Years-Hyderabad/1418073233/?feedId=388633&utm_source=CareerSite&tcsource=apply,"Job DescriptionJob Description - Grade SpecificIs fully competent in its own area and has a deep understanding of related programming concepts software design and software development principles. Works autonomously with minimal supervision. Able to act as a key contributor in a complex environment, lead the activities of a team for software design and software development. Acts proactively to understand internalorexternal client needs and offers advice even when not asked. Able to assess and adapt to project issues, formulate innovative solutions, work under pressure and drive team to succeed against its technical and commercial goals. Aware of profitability needs and may manage costs for specific projectorwork area. Explains difficult concepts to a variety of audiences to ensure meaning is understood. Motivates other team members and creates informal networks with key contacts outside own area."
Playwright Automation Testing,Bangalore,Capgemini,Permanent,Experienced Professionals,https://careers.capgemini.com/job/Bangalore-Playwright-Automation-Testing/1417777933/?feedId=388633&utm_source=CareerSite&tcsource=apply,"Choosing Capgemini means choosing a company where you will be empowered to shape your career in the way you’d like, where you’ll be supported and inspired by a collaborative community of colleagues around the world, and where you’ll be able to reimagine what’s possible. Join us and help the world’s leading organizations unlock the value of technology and build a more sustainable, more inclusive world.Your RoleDevelop and execute automated test scripts using Playwright with JavaScript/TypeScript.Design and maintain scalable automation frameworks for web application testing.Create and manage test cases for functional, regression, and end-to-end testing.Integrate automation suites with CI/CD pipelines such as Azure DevOps, Jenkins, or GitHub Actions.Analyze test results, identify defects, and collaborate with development teams for resolution.Implement API and UI test automation following best practices and coding standards.Perform test execution, reporting, and continuous framework improvements.Ensure application quality, reliability, and performance across multiple browsers and platforms.Your ProfilePlaywright + TypeScript Automation Engineer with UI & API testing experience.SDET skilled in Playwright, JavaScript, CI/CD, and framework development.QA Automation Engineer with expertise in Playwright, TypeScript, and cross-browser testing.Automation Tester experienced in Playwright, REST APIs, Jenkins, and Agile methodologies.Senior QA professional specializing in Playwright automation and end-to-end testing.What will you love working at Capgemini?Opportunity to work on cutting edge digital banking transformationinitiatives with global clients.A culture that encourages learning, certification, and career growth in QA domain.Collaborative, inclusive, and people centric work environment.Access to world class resources, tools, and frameworks to deliver top quality solutions.Capgemini is an AI-powered global business and technology transformation partner, delivering tangible business value. We imagine the future of organizations and make it real with AI, technology and people. With our strong heritage of nearly 60 years, we are a responsible and diverse group of 420,000 team members in more than 50 countries. We deliver end-to-end services and solutions with our deep industry expertise and strong partner ecosystem, leveraging our capabilities across strategy, technology, design, engineering and business operations. The Group reported 2024 global revenues of €22.1 billion.Make it real | www.capgemini.com"
Playwright Automation,Bangalore,Capgemini,Permanent,Experienced Professionals,https://careers.capgemini.com/job/Bangalore-Playwright-Automation/1417603433/?feedId=388633&utm_source=CareerSite&tcsource=apply,"Choosing Capgemini means choosing a company where you will be empowered to shape your career in the way you’d like, where you’ll be supported and inspired by a collaborative community of colleagues around the world, and where you’ll be able to reimagine what’s possible. Join us and help the world’s leading organizations unlock the value of technology and build a more sustainable, more inclusive world. Your RoleDevelop, maintain, and execute API automation test scripts using Playwright (TypeScript/JavaScript) to ensure application quality and reliability.Design and implement robust API test frameworks, reusable utilities, and automation best practices.Validate REST API functionality, request/response payloads, authentication mechanisms, and integration workflows.Integrate automation suites with CI/CD pipelines and generate test execution reports for stakeholders.Collaborate with developers, product owners, and QA teams in an Agile environment to identify defects and improve test coverage.Your ProfileHands-on experience in Playwright API Automation with strong proficiency in TypeScript/JavaScript.Good understanding of REST APIs, JSON, HTTP protocols, API security, and tools such as Postman and Swagger.Experience in building and maintaining test automation frameworks and integrating with Jenkins, Azure DevOps, or GitHub Actions.Strong debugging, analytical, and problem-solving skills with expertise in defect tracking and root cause analysis.Ability to work independently, communicate effectively with cross-functional teams, and deliver high-quality results in Agile projects.What you will love about working hereYou can shape your career with us. We offer a range of career paths and internal opportunities within Capgemini group. You will also get personalized career guidance from our leaders.You will get comprehensive wellness benefits including health checks, telemedicine, insurance with top-ups, elder care, partner coverage or new parent support via flexible work.At Capgemini, you can work on cutting-edge projects in tech and engineering with industry leaders or create solutions to overcome societal and environmental challenges. Capgemini is an AI-powered global business and technology transformation partner, delivering tangible business value. We imagine the future of organizations and make it real with AI, technology and people. With our strong heritage of nearly 60 years, we are a responsible and diverse group of 420,000 team members in more than 50 countries. We deliver end-to-end services and solutions with our deep industry expertise and strong partner ecosystem, leveraging our capabilities across strategy, technology, design, engineering and business operations. The Group reported 2024 global revenues of €22.1 billion.Make it real | www.capgemini.com"
AEM Cloud developer (AEMaaCS),Pune,Capgemini,Permanent,Experienced Professionals,https://careers.capgemini.com/job/Pune-AEM-Cloud-developer-%28AEMaaCS%29/1414751333/?feedId=388633&utm_source=CareerSite&tcsource=apply,"Choosing Capgemini means choosing a company where you will be empowered to shape your career in the way you’d like, where you’ll be supported and inspired by a collaborative community of colleagues around the world, and where you’ll be able to reimagine what’s possible. Join us and help the world’s leading organizations unlock the value of technology and build a more sustainable, more inclusive world.   Your RoleDesign and develop AEM components, templates, and workflows for AEM as a Cloud Service.Implement custom Sling models, OSGi services, and integrations with third-party systems.Optimize AEM performance, caching strategies, and cloud configurations.Collaborate with architects, UX designers, and backend teams to deliver high-quality solutions.Strong knowledge of Java, Sling, OSGi, JCR, and Dispatcher configurations.Experience with AEM Core Components, Editable Templates, and Content Fragment Models.Proficiency in CI/CD pipelines, Git, Maven, and Cloud Manager.Experience integrating AEM with Adobe Analytics, Target, and other Adobe Marketing Cloud tools. Your ProfileAdobe Certified Expert – AEM Sites Developer or Architect.Knowledge of performance tuning and security best practices in AEM Cloud.Capgemini is an AI-powered global business and technology transformation partner, delivering tangible business value. We imagine the future of organizations and make it real with AI, technology and people. With our strong heritage of nearly 60 years, we are a responsible and diverse group of 420,000 team members in more than 50 countries. We deliver end-to-end services and solutions with our deep industry expertise and strong partner ecosystem, leveraging our capabilities across strategy, technology, design, engineering and business operations. The Group reported 2024 global revenues of €22.1 billion.Make it real | www.capgemini.comCapgemini – home page – Make it realA global leader in consulting, technology services and digital transformation, we offer an array of integrated services combining technology with deep sector expertise. "
ServiceNow SecOps Developer,Bangalore,Capgemini,Permanent,Experienced Professionals,https://careers.capgemini.com/job/Bangalore-ServiceNow-SecOps-Developer/1416619033/?feedId=388633&utm_source=CareerSite&tcsource=apply,"Choosing Capgemini means choosing a company where you will be empowered to shape your career in the way you’d like, where you’ll be supported and inspired by a collaborative community of colleagues around the world, and where you’ll be able to reimagine what’s possible. Join us and help the world’s leading organizations unlock the value of technology and build a more sustainable, more inclusive world. Your RoleAs a ServiceNow SecOps Developer at Capgemini, you will be responsible for designing, developing, and implementing robust security-focused solutions on the ServiceNow platform, with a strong emphasis on SecOps, IRM, and platform-wide capabilities.Develop and customize ServiceNow SecOps applications, including Vulnerability Response, Security Incident Response (SIR), and integrations with security tools.Configure workflows, forms, business rules, ACLs, and notifications aligned with security and compliance requirements.Integrate ServiceNow with third-party security tools and enterprise systems using REST/SOAP APIs and IntegrationHub.Perform troubleshooting, platform optimization, and provide ongoing support for SecOps implementations.Collaborate with security teams, IT stakeholders, and cross-functional units to gather requirements and deliver scalable, high-quality solutions.Your ProfileHands-on experience as a ServiceNow SecOps Developer with strong platform expertise across IRM, SecOps, ITSM, and ITOM.Strong programming skills in JavaScript, Python, HTML, CSS, XML, and experience with web services and APIs.Good understanding of security operations processes, including Vulnerability Management and Security Incident Response.Experience working with relational databases (MySQL/Oracle) and platform-level configurations.Excellent analytical, problem-solving, communication, and teamwork skills.Capgemini is an AI-powered global business and technology transformation partner, delivering tangible business value. We imagine the future of organizations and make it real with AI, technology and people. With our strong heritage of nearly 60 years, we are a responsible and diverse group of 420,000 team members in more than 50 countries. We deliver end-to-end services and solutions with our deep industry expertise and strong partner ecosystem, leveraging our capabilities across strategy, technology, design, engineering and business operations. The Group reported 2024 global revenues of €22.1 billion.Make it real | www.capgemini.com"
Cyber Security Architect,Bangalore,Capgemini Engineering,Permanent,Experienced Professionals,https://careers.capgemini.com/job/Bangalore-Cyber-Security-Architect/1416181933/?feedId=388633&utm_source=CareerSite&tcsource=apply,"Your RoleAs a IOT cloud application architect you would be expected to have:• At least 12 years of hands on experience building scalable enterprise solutions / products on AWS/Azure/GCP• an understanding of scalable and distributed SaaS based platform architecture for IOT solutions• skills in NoSQL & RDBMS design, modelling and indexing.• hands on experience with building IOT applications• hands on experience with Cloud infrastructure services• experience on at least data streaming platform system like Kafka/Kinesis/Pulsar• hands on experience in Power / Energy / Industrial / Rail systems will be a plus• professional experience in building applications in AI using RAG architectures will be a plus point• professional experience in .Net / Golang /Python• familiarity with building rich UI applications using REACT or Angular• familiarity with modern day ci / cd best practices tuned to SaaS releases• hands on experience for writing API for a cloud native applicationYour role and responsibilities will include:• contribute to development of a IOT platform from Edge to Cloud• develop, test and integrate with paas services to build a new application to be run on a web interface as well as on mobile platforms• work across different teams to integrate the application through public APIs being developed Your ProfileDocumented experience and a strong working knowledge of the methodologies to conduct threat-modeling exercises on new applications and servicesPossess significant breadth across other disciplines (e. g., enterprise security architecture, compute services, storage, large-scale networking, virtualization, data center, integration architecture (API), orchestration technologies, systems resiliency, service support, application development lifecycle management (DevOps), and service delivery).Direct experience designing IAM technologies and services.Experience with one or more general purpose programming languages including: Java, C/C++, Python, JavaScript.Excellent command of Cybersecurity organization practices, operations risk management processes, principles, architectural requirements, engineering threats and vulnerabilities, including incident response methodologiesHands-on experience as an engineer or architect with public cloud technologies to include Amazon Web Services (AWS) and Microsoft Azure Cloud Platforms.What will you love working at Capgemini You will have the opportunity to learn on one of the industry's largest digital learning platforms, with access to 250,000+ courses and numerous certifications.We’re committed to ensure that people of all backgrounds feel encouraged and have a sense of belonging at Capgemini. You are valued for who you are, and you can bring your original self to work.At Capgemini, you can work on cutting-edge projects in tech and engineering with industry leaders or create solutions to overcome societal and environmental challenges. Capgemini office campuses in India are green and run on 100% renewable electricity. We have installed Solar plants across India locations and ‘Battery Energy Storage Solution’ (BESS) in the Noida and Mumbai campuses. You will have chance to make a difference everyday."
CPRD Modernization,Bangalore,Capgemini Engineering,Permanent,Experienced Professionals,https://careers.capgemini.com/job/Bangalore-CPRD-Modernization/1416217733/?feedId=388633&utm_source=CareerSite&tcsource=apply,"Your RoleEnterprise Architect – Platform Engineering (Java, Python, Cloud Native & GenAI)Seeking a seasoned Enterprise Architect to lead enterprise-wide platform modernization, cloud transformation, and AI-driven innovation initiatives. The ideal candidate will bring strong expertise in Java, Python, Cloud Native architectures, Platform Engineering, and Generative AI, with experience delivering scalable digital platformsDefine enterprise architecture strategy, target-state roadmaps, and technology standards.Architect and modernize enterprise platforms using microservices, APIs, event-driven architectures, and cloud-native technologies.Lead Platform Engineering initiatives focused on developer experience, DevSecOps, automation, and operational excellence.Drive adoption of GenAI solutions including AI agents, RAG platforms, LLM integrations, and intelligent automation.Partner with business and technology stakeholders to align architecture with business objectives.Establish governance, security, scalability, resiliency, and observability standards across platforms.Your ProfileEnterprise Architecture, Solution Architecture, TOGAFJava (Spring Boot), Python, REST APIsMicroservices, Domain-Driven Design, Event-Driven ArchitectureAWS, Azure, or GCP; Kubernetes, Docker, TerraformPlatform Engineering, DevSecOps, CI/CDGenAI, LLMs, RAG, AI Agents, Vector DatabasesSecurity, Observability, Reliability EngineeringWhat will you love working at Capgemini You will have the opportunity to learn on one of the industry's largest digital learning platforms, with access to 250,000+ courses and numerous certifications.We’re committed to ensure that people of all backgrounds feel encouraged and have a sense of belonging at Capgemini. You are valued for who you are, and you can bring your original self to work.At Capgemini, you can work on cutting-edge projects in tech and engineering with industry leaders or create solutions to overcome societal and environmental challenges. Capgemini office campuses in India are green and run on 100% renewable electricity. We have installed Solar plants across India locations and ‘Battery Energy Storage Solution’ (BESS) in the Noida and Mumbai campuses. You will have chance to make a difference everyday."
"Medical Devices, AI & Digital Engineering",Pune,Capgemini Engineering,Permanent,Experienced Professionals,https://careers.capgemini.com/job/Pune-Medical-Devices%2C-AI-&-Digital-Engineering/1416189133/?feedId=388633&utm_source=CareerSite&tcsource=apply,"Your RoleAs a Solution Architect / Technical SME (.NET, GenAI & STARLIMS), you will play a key role in solution consulting, architecture design, pursuit support, and modernization initiatives for enterprise applications within regulated industries. You will act as a trusted technical advisor, helping clients leverage modern application architectures, AI-enabled development practices, and laboratory informatics solutions to drive business value and operational excellence.This role requires strong expertise in Microsoft application technologies, software architecture, GenAI adoption, and laboratory systems, combined with experience in proposal support, customer engagement, and technology transformation programs.In this role, you will:Lead architecture and solution design for enterprise applications built on .NET and ASP.NET technologies.Drive application modernization, technical assessment, and transformation initiatives across client engagements.Design scalable data models, optimize SQL Server solutions, and guide application performance improvements.Provide technical leadership in JavaScript-based web applications and modern application delivery practices.Support API architecture, integration strategies, and enterprise connectivity requirements.Develop proofs of concept (POCs), prototypes, and technical demonstrations for clients and pursuits.Conduct technical estimations, risk assessments, and solution reviews to support delivery success.Identify and define GenAI use cases that improve business processes, software development, and operational efficiency.Guide the adoption of AI-enabled software engineering practices, including AI-assisted SDLC, testing, and automation.Support implementation approaches involving LLMs, Retrieval-Augmented Generation (RAG), AI agents, and Copilot-style solutions.Promote Responsible AI practices, governance frameworks, and human-in-the-loop review mechanisms.Provide solution expertise related to STARLIMS and Laboratory Information Management Systems (LIMS).Support client workshops, discovery sessions, and business requirement discussions.Contribute to RFPs, RFIs, proposals, solution presentations, and customer demonstrations.Develop value engineering recommendations, business cases, and modernization roadmaps.Collaborate with project managers, delivery teams, and client stakeholders to ensure successful handover and delivery execution.Your ProfileTechnical ExpertiseStrong hands-on experience across the following areas:Application Architecture & Development.NET Framework / .NET Core ArchitectureASP.NET Application Design and DevelopmentEnterprise Application ModernizationSQL Server Data Modeling and Query OptimizationJavaScript-Based Web Application DevelopmentAPI Design and Integration ArchitectureTechnical Estimation and Risk AssessmentPOC and Prototype DevelopmentPreferred QualificationsExperience with STARLIMS or other leading LIMS platforms.Exposure to Medical Device, Life Sciences, Healthcare, or other regulated industries.Knowledge of Cloud Platforms (Azure, AWS, or GCP).Experience with Agile, DevOps, and modern engineering practices.Relevant certifications in Microsoft Technologies, Cloud Platforms, AI, or Solution Architecture.   What You'll Love About Working HereOpportunity to drive AI-led transformation for leading global Medical Device organizations.Exposure to cutting-edge technologies including GenAI, LLMs, RAG, Digital Engineering, and Connected Health solutions.Leadership role in high-impact solutioning, presales, and innovation programs.Opportunity to shape next-generation engineering productivity and product development practices.Collaborative environment focused on innovation, learning, and consulting excellence.Access to global experts, industry-leading frameworks, and emerging technologies.Strong career growth opportunities within a global engineering and technology transformation organization.About Capgemini in IndiaCapgemini is an AI-powered global business and technology transformation partner, helping organizations realize their future through technology, data, and people. With nearly 60 years of heritage, Capgemini is a responsible and diverse organization with 420,000 team members across more than 50 countries. The Group reported global revenues of €22.1 billion in 2024.Capgemini in India comprises nearly 235,000 team members working across 13 locations, including Bengaluru, Chennai, Hyderabad, Mumbai, Pune, Noida, Gurugram, and more. We deliver end-to-end services across strategy, technology, engineering, and operations.*Make it real | www.capgemini.com/in"
Senior Cloud GEN AI Architect,Bangalore,Capgemini Engineering,Permanent,Experienced Professionals,https://careers.capgemini.com/job/Bangalore-Senior-Cloud-GEN-AI-Architect/1416192733/?feedId=388633&utm_source=CareerSite&tcsource=apply,"Your RoleAI & Cloud Architect with 15+ years of experience designing scalable SaaS and enterprise platforms across Azure, AWS, and hybrid environments. Expertise in Azure AI Foundry, AWS Bedrock, and Google Vertex AI, delivering GenAI, RAG, AI Agents, data platforms, and cloud-native solutions. Strong background in enterprise modernization, product consolidation, ITSM, data analytics, and cross-functional technology leadership.Generative AI: Azure AI Foundry, Azure OpenAI, AWS Bedrock, Google Vertex AI, RAG, AI Agents, LLMOpsCloud: Azure, AWS, GCP, Multi-Cloud Architecture, SaaS PlatformsData & Analytics: Databricks, Synapse, Fabric, Data Lakes, Data PipelinesDevelopment: Python, C#, Java, React, AngularDevOps: Kubernetes, Docker, Terraform, GitHub Actions, Azure DevOps, CI/CDEnterprise Solutions: ITSM, API Integration, Microservices, Product ModernizationRelevant Experience HighlightsYour ProfileArchitected enterprise GenAI solutions using Azure AI Foundry, AWS Bedrock, and Vertex AI* to automate business processes and enhance decision-making.Designed scalable RAG and AI Agent* architectures integrating enterprise knowledge sources and vector databases.Led cloud modernization and product consolidation initiatives across multiple business units.Built secure, scalable SaaS platforms leveraging microservices, CI/CD, and cloud-native technologies.Delivered data analytics and pipeline solutions enabling real-time insights and AI-driven applications.Collaborated across engineering, product, and business teams to integrate modern AI and cloud solutions.What will you love working at Capgemini You will have the opportunity to learn on one of the industry's largest digital learning platforms, with access to 250,000+ courses and numerous certifications.We’re committed to ensure that people of all backgrounds feel encouraged and have a sense of belonging at Capgemini. You are valued for who you are, and you can bring your original self to work.At Capgemini, you can work on cutting-edge projects in tech and engineering with industry leaders or create solutions to overcome societal and environmental challenges. Capgemini office campuses in India are green and run on 100% renewable electricity. We have installed Solar plants across India locations and ‘Battery Energy Storage Solution’ (BESS) in the Noida and Mumbai campuses. You will have chance to make a difference everyday."
Speech Architect,Bangalore,Capgemini Engineering,Permanent,Experienced Professionals,https://careers.capgemini.com/job/Bangalore-Speech-Architect/1416033533/?feedId=388633&utm_source=CareerSite&tcsource=apply,"Your RoleYou will be responsible for defining and driving the architecture of scalable speech and conversational AI platforms for automotive applications. Working closely with customers, OEMs, product teams, and engineering organizations, you will architect embedded, cloud, and hybrid voice solutions while driving innovation in Generative AI and next-generation in-vehicle assistants.Your ProfileRequired Skills12+ years of experience in Speech Technologies, Voice Assistants, or Conversational AI solutions.Strong expertise in Automatic Speech Recognition (ASR), Natural Language Understanding (NLU), Text-to-Speech (TTS), and Voice Assistant technologies.Deep understanding of speech processing pipelines, wake-word detection, intent recognition, dialogue management, and voice command execution.Hands-on experience with Python, C++, Java, or Embedded Software development platforms.Experience working with Linux, Android Automotive OS (AAOS), QNX, and embedded platforms.Expertise in speech performance evaluation, KPI measurement, and quality optimization.Experience with automotive voice platforms such as Cerence, Amazon Alexa Auto, Google Assistant, SoundHound, Nuance, or proprietary OEM voice assistants.Knowledge of Generative AI, Conversational AI, and Large Language Model (LLM)-based voice assistant technologies.Strong understanding of Infotainment, Digital Cockpit, Connected Vehicle, Navigation, Telematics, and IVI systems.Experience integrating voice solutions with vehicle functions including navigation, media, climate control, telephony, and vehicle settings.Familiarity with multi-language and multi-region voice assistant deployments.Experience with DevOps, CI/CD pipelines, and Agile development methodologies.Strong customer-facing communication, stakeholder management, and presentation skills.Ability to lead technical discussions, workshops, architecture reviews, and solution assessments.Preferred SkillsExperience working with Automotive OEMs or Tier-1 suppliers.Exposure to cloud-native speech platforms and hybrid voice architectures.Experience with multimodal HMI and voice-driven user experiences.Knowledge of AI-powered personalization and intelligent assistant ecosystems.Familiarity with automotive software development lifecycle and compliance requirements.In This Role, You Will:Define and drive the architecture of automotive speech and voice assistant solutions.Design scalable speech platforms supporting embedded, cloud, and hybrid deployment models.Establish best practices for speech integration, performance optimization, scalability, reliability, and maintainability.Lead the implementation and integration of ASR, NLU, TTS, wake-word detection, and conversational AI components.Collaborate with infotainment, digital cockpit, connected vehicle, and HMI teams to enable seamless voice interactions.Define speech quality KPIs, validation strategies, and performance benchmarking frameworks.Drive root-cause analysis and optimization of speech accuracy, latency, responsiveness, and overall user experience.Work with Business Development and account teams on presales solutioning, RFI/RFP responses, and customer proposals.Support customer workshops, technical discussions, and solution presentations related to automotive voice platforms.Mentor engineering teams on speech technologies, integration approaches, and architectural best practices.Collaborate with OEMs and Tier-1 suppliers to design and deploy innovative voice-enabled experiences.Evaluate emerging trends in Conversational AI, Generative AI, and LLM-powered voice assistants.Drive the adoption of intelligent in-vehicle assistants and next-generation voice interaction technologies.Contribute to strategic technology decisions, innovation initiatives, and long-term product roadmaps. About Capgemini in IndiaCapgemini is an AI-powered global business and technology transformation partner, delivering tangible business value. We imagine the future of organizations and make it real with AI, technology and people. With our strong heritage of nearly 60 years, we are a responsible and diverse group of 420,000 team members in more than 50 countries. We deliver end-to-end services and solutions with our deep industry expertise and strong partner ecosystem, leveraging our capabilities across strategy, technology, design, engineering and business operations. The Group reported 2024 global revenues of €22.1 billion.Capgemini in India comprises nearly 235,000 team members working across 13 locations: Bangalore, Bhubaneswar, Chennai, Coimbatore, Gandhinagar, Gurugram, Hyderabad, Kolkata, Mumbai, Noida, Pune, Salem, and Tiruchirappalli.Make it real | www.capgemini.com/in-en."
Senior Software Engineer,Navi Mumbai,Capgemini,Permanent,Experienced Professionals,https://careers.capgemini.com/job/Navi-Mumbai-Senior-Software-Engineer/1413463233/?feedId=388633&utm_source=CareerSite&tcsource=apply,"Choosing Capgemini means choosing a company where you will be empowered to shape your career in the way you’d like, where you’ll be supported and inspired by a collaborative community of colleagues around the world, and where you’ll be able to reimagine what’s possible. Join us and help the world’s leading organizations unlock the value of technology and build a more sustainable, more inclusive world.Your RoleHiring an experienced Azure .NET Full Stack Developer with expertise in cloud-native application development and Microsoft Azure services.Design, develop, and maintain scalable, secure, and high-performing enterprise applications on Azure.Develop robust backend applications using .NET Core, ASP.NET MVC/Web API, C#, and Entity Framework.Build responsive and modern user interfaces using Angular, React.js, JavaScript, TypeScript, HTML5, CSS3, and Bootstrap.Design and implement RESTful APIs, microservices, and event-driven architectures.Develop and deploy cloud-native solutions using Azure App Services, Azure Functions, Logic Apps, Service Bus, Event Grid, Azure Storage, and Azure SQL Database.Your ProfileStrong experience in C#, .NET Core, ASP.NET MVC, ASP.NET Web API. Hands-on experience with Azure Cloud Services. Proficiency in Angular or React.js. Experience with SQL Server, Azure SQL, Cosmos DB. Strong understanding of Microservices Architecture. Experience with Azure DevOps, CI/CD, and Git.What you'll love about working here.Every Monday, kick off the week with a musical performance by our in-house band - The Rubber Band. Also get to participate in internal sports events, yoga challenges, or marathons.At Capgemini, you can work on cutting-edge projects in tech and engineering with industry leaders or create solutions to overcome societal and environmental challenges.  Capgemini is an AI-powered global business and technology transformation partner, delivering tangible business value. We imagine the future of organizations and make it real with AI, technology and people. With our strong heritage of nearly 60 years, we are a responsible and diverse group of 420,000 team members in more than 50 countries. We deliver end-to-end services and solutions with our deep industry expertise and strong partner ecosystem, leveraging our capabilities across strategy, technology, design, engineering and business operations. The Group reported 2024 global revenues of €22.1 billion.Make it real | www.capgemini.com"
Guidewire Billing Developer,Chennai (ex Madras),Capgemini,Permanent,Experienced Professionals,https://careers.capgemini.com/job/Chennai-%28ex-Madras%29-Guidewire-Billing-Developer/1412670733/?feedId=388633&utm_source=CareerSite&tcsource=apply,"Choosing Capgemini means choosing a company where you will be empowered to shape your career in the way you’d like, where you’ll be supported and inspired by a collaborative community of colleagues around the world, and where you’ll be able to reimagine what’s possible. Join us and help the world’s leading organizations unlock the value of technology and build a more sustainable, more inclusive world.Your RoleWe are looking for experienced Guidewire professionals with strong hands-on expertise across BillingCenter and Guidewire Integrations to design, configure, customize, and support scalable solutions for Property & Casualty insurance clients. The role involves working across the Guidewire InsuranceSuite ecosystem to enable seamless policy administration, claims management, billing operations, and system integrations.Design, develop, configure, and maintain Guidewire applications across BillingCenter, and Integration modules.Customize Guidewire components using Gosu, Java, Guidewire Studio, and configuration tools.Configure and enhance BillingCenter workflows such as invoices, payments, write-offs, adjustments, refunds, delinquency processes, commissions, payment allocation, and GL postings.Design and build integrations using the Guidewire Integration Framework, including plugins, messaging, web services, batch processes, event triggers, and data exchange pipelines.Develop and maintain SOAP/REST APIs, XML/XSD-based data exchanges, JSON structures, messaging components, and integration interfaces.Collaborate with business analysts, architects, QA teams, and cross-functional stakeholders to translate business requirements into scalable technical solutions.Perform unit testing, support QA/UAT phases, troubleshoot application and integration issues, and assist in production deployments.Participate in code reviews, Agile ceremonies, documentation, and development best practices to ensure quality and delivery excellence.Your Profile6+ years of experience in software development, with strong hands-on exposure to Guidewire InsuranceSuite applications.Strong experience in one or more Guidewire module:BillingCenter and Billing guidewire Integrations.Proficiency in Gosu, Java, XML, JSON, XSD, SQL, SOAP/REST Web Services, and Guidewire configuration tools.Good understanding of Property & Casualty insurance domain processes across billing and integration landscapes.Hands-on experience with Guidewire data models, workflows, rules engine, plugins, messaging, batch processes, and web services.Experience integrating Guidewire applications with BillingCenter, comp raters, payment gateways, document systems, accounting platforms, customer portals, and other external systems.Familiarity with Agile/Scrum methodologies and tools such as JIRA and Confluence. [Job Descri...C CC Integ | Word]Exposure to CI/CD pipelines, DevOps tools, Git, Jenkins, Maven, and cloud platforms such as AWS, Azure, or Guidewire Cloud is preferred.Strong problem-solving, analytical, communication, and documentation skills.Guidewire certification in BillingCenter is preferred.What you will love about working hereOpportunity to work on large-scale Guidewire InsuranceSuite transformation programs for global P&C insurance clients.Exposure to end-to-end insurance technology delivery across policy, claims, billing, and integration platforms.Hands-on experience with modern engineering practices including Agile delivery, CI/CD, DevOps, cloud, and integration-led architecture.Structured learning, certifications, and continuous upskilling opportunities in insurance platforms and emerging technologies.A collaborative and inclusive culture focused on innovation, delivery excellence, and client value.Capgemini is an AI-powered global business and technology transformation partner, delivering tangible business value. We imagine the future of organizations and make it real with AI, technology and people. With our strong heritage of nearly 60 years, we are a responsible and diverse group of over 420,000 team members in more than 50 countries. We deliver end-to-end services and solutions with our deep industry expertise and strong partner ecosystem, leveraging our capabilities across strategy, technology, design, engineering and business operations. The Group reported 2025 global revenues of €22.5 billion.Capgemini in India comprises nearly 235,000 team members working across 13 locations: Bangalore, Bhubaneswar, Chennai, Coimbatore, Gandhinagar, Gurugram, Hyderabad, Kolkata, Mumbai, Noida, Pune, Salem, and Tiruchirappalli.Make it real | www.capgemini.com/in-en"
Guidewire Policy Developer,Chennai (ex Madras),Capgemini,Permanent,Experienced Professionals,https://careers.capgemini.com/job/Chennai-%28ex-Madras%29-Guidewire-Policy-Developer/1412634233/?feedId=388633&utm_source=CareerSite&tcsource=apply,"Choosing Capgemini means choosing a company where you will be empowered to shape your career in the way you’d like, where you’ll be supported and inspired by a collaborative community of colleagues around the world, and where you’ll be able to reimagine what’s possible. Join us and help the world’s leading organizations unlock the value of technology and build a more sustainable, more inclusive world.Your RoleWe are looking for experienced Guidewire professionals with strong hands-on expertise across PolicyCenter and Guidewire Integrations to design, configure, customize, and support scalable solutions for Property & Casualty insurance clients. The role involves working across the Guidewire InsuranceSuite ecosystem to enable seamless policy administration, claims management, billing operations, and system integrations.Design, develop, configure, and maintain Guidewire applications across PolicyCenter.Customize Guidewire components using Gosu, Java, Guidewire Studio, and configuration tools.Work on Guidewire PolicyCenter capabilities including policy administration, product configuration, underwriting rules, rating, pricing, renewals, endorsements, cancellations, and reinstatements.Design and build integrations using the Guidewire Integration Framework, including plugins, messaging, web services, batch processes, event triggers, and data exchange pipelines.Develop and maintain SOAP/REST APIs, XML/XSD-based data exchanges, JSON structures, messaging components, and integration interfaces.Collaborate with business analysts, architects, QA teams, and cross-functional stakeholders to translate business requirements into scalable technical solutions.Your Profile6+ years of experience in software development, with strong hands-on exposure to Guidewire Policy Center applications.Strong experience in one or more Guidewire modules: PolicyCenterProficiency in Gosu, Java, XML, JSON, XSD, SQL, SOAP/REST Web Services, and Guidewire configuration tools.Good understanding of Property & Casualty insurance domain processes across policy and policy integration landscapes.Hands-on experience with Guidewire data models, workflows, rules engine, plugins, messaging, batch processes, and web services.Experience integrating Guidewire applications with PolicyCenter, comp raters, payment gateways, document systems, accounting platforms, customer portals, and other external systems.Familiarity with Agile/Scrum methodologies and tools such as JIRA and Confluence. [Job Descri...C CC Integ | Word]Exposure to CI/CD pipelines, DevOps tools, Git, Jenkins, Maven, and cloud platforms such as AWS, Azure, or Guidewire Cloud is preferred.Strong problem-solving, analytical, communication, and documentation skills.Guidewire certification in PolicyCenter is preferred.What you will love about working hereOpportunity to work on large-scale Guidewire InsuranceSuite transformation programs for global P&C insurance clients.Exposure to end-to-end insurance technology delivery across policy, claims, billing, and integration platforms.Hands-on experience with modern engineering practices including Agile delivery, CI/CD, DevOps, cloud, and integration-led architecture.Structured learning, certifications, and continuous upskilling opportunities in insurance platforms and emerging technologies.A collaborative and inclusive culture focused on innovation, delivery excellence, and client value.Capgemini is an AI-powered global business and technology transformation partner, delivering tangible business value. We imagine the future of organizations and make it real with AI, technology and people. With our strong heritage of nearly 60 years, we are a responsible and diverse group of over 420,000 team members in more than 50 countries. We deliver end-to-end services and solutions with our deep industry expertise and strong partner ecosystem, leveraging our capabilities across strategy, technology, design, engineering and business operations. The Group reported 2025 global revenues of €22.5 billion.Capgemini in India comprises nearly 235,000 team members working across 13 locations: Bangalore, Bhubaneswar, Chennai, Coimbatore, Gandhinagar, Gurugram, Hyderabad, Kolkata, Mumbai, Noida, Pune, Salem, and Tiruchirappalli.Make it real | www.capgemini.com/in-en"
Guidewire Claim Developer,Hyderabad,Capgemini,Permanent,Experienced Professionals,https://careers.capgemini.com/job/Hyderabad-Guidewire-Claim-Developer/1412650933/?feedId=388633&utm_source=CareerSite&tcsource=apply,"Choosing Capgemini means choosing a company where you will be empowered to shape your career in the way you’d like, where you’ll be supported and inspired by a collaborative community of colleagues around the world, and where you’ll be able to reimagine what’s possible. Join us and help the world’s leading organizations unlock the value of technology and build a more sustainable, more inclusive world.Your RoleWe are looking for experienced Guidewire professionals with strong hands-on expertise across ClaimCenter and Guidewire Integrations to design, configure, customize, and support scalable solutions for Property & Casualty insurance clients. The role involves working across the Guidewire Insurance Suite ecosystem to enable seamless policy administration, claims management, billing operations, and system integrations.Design, develop, configure, and maintain Guidewire applications across ClaimCenter and claims Integration modules.Customize Guidewire components using Gosu, Java, Guidewire Studio, and configuration tools.Develop and support ClaimCenter solutions including claim workflows, rules, plugins, batch processes, web services, and integrations with internal and external systems.Design and build integrations using the Guidewire Integration Framework, including plugins, messaging, web services, batch processes, event triggers, and data exchange pipelines.Develop and maintain SOAP/REST APIs, XML/XSD-based data exchanges, JSON structures, messaging components, and integration interfaces.Collaborate with business analysts, architects, QA teams, and cross-functional stakeholders to translate business requirements into scalable technical solutions.Your Profile6+years of experience in software development, with strong hands-on exposure to Guidewire InsuranceSuite applications.Strong experience in Guidewire module: ClaimCenterProficiency in Gosu, Java, XML, JSON, XSD, SQL, SOAP/REST Web Services, and Guidewire configuration tools.Good understanding of Property & Casualty insurance domain processes across Claims and integration landscapes.Hands-on experience with Guidewire data models, workflows, rules engine, plugins, messaging, batch processes, and web services.Experience integrating Guidewire applications with ClaimCenter,comp raters, payment gateways, document systems, accounting platforms, customer portals, and other external systems.Familiarity with Agile/Scrum methodologies and tools such as JIRA and Confluence. [Job Descri...C CC Integ | Word]Exposure to CI/CD pipelines, DevOps tools, Git, Jenkins, Maven, and cloud platforms such as AWS, Azure, or Guidewire Cloud is preferred.Strong problem-solving, analytical, communication, and documentation skills.Guidewire certification in ClaimCenter is preferred.What you will love about working hereOpportunity to work on large-scale Guidewire InsuranceSuite transformation programs for global P&C insurance clients.Exposure to end-to-end insurance technology delivery across policy, claims, billing, and integration platforms.Hands-on experience with modern engineering practices including Agile delivery, CI/CD, DevOps, cloud, and integration-led architecture.Structured learning, certifications, and continuous upskilling opportunities in insurance platforms and emerging technologies.A collaborative and inclusive culture focused on innovation, delivery excellence, and client value.Capgemini is an AI-powered global business and technology transformation partner, delivering tangible business value. We imagine the future of organizations and make it real with AI, technology and people. With our strong heritage of nearly 60 years, we are a responsible and diverse group of over 420,000 team members in more than 50 countries. We deliver end-to-end services and solutions with our deep industry expertise and strong partner ecosystem, leveraging our capabilities across strategy, technology, design, engineering and business operations. The Group reported 2025 global revenues of €22.5 billion.Capgemini in India comprises nearly 235,000 team members working across 13 locations: Bangalore, Bhubaneswar, Chennai, Coimbatore, Gandhinagar, Gurugram, Hyderabad, Kolkata, Mumbai, Noida, Pune, Salem, and Tiruchirappalli.Make it real | www.capgemini.com/in-en"
Guidewire Developer,Pune,Capgemini,Permanent,Experienced Professionals,https://careers.capgemini.com/job/Pune-Guidewire-Developer/1407535033/?feedId=388633&utm_source=CareerSite&tcsource=apply,"Choosing Capgemini means choosing a company where you will be empowered to shape your career in the way you’d like, where you’ll be supported and inspired by a collaborative community of colleagues around the world, and where you’ll be able to reimagine what’s possible. Join us and help the world’s leading organizations unlock the value of technology and build a more sustainable, more inclusive world.Your RoleWe are seeking a skilled Guidewire Jutro Developer to design and build modern, responsive, and scalable digital experiences for the Property & Casualty (P&C) insurance domain. This role focuses on leveraging the Jutro Digital Platform, Jutro Design System, and Guidewire Cloud APIs to deliver personalized web applications and portals.Develop and maintain React-based web applications using the Jutro Digital Platform and Jutro SDK Customize and extend Guidewire Digital Portals such as CustomerEngage, ProducerEngage, and VendorEngage.Implement micro frontends, reusable components, and persona-specific UI flows using the Jutro Design System Integrate front-end applications with Guidewire InsuranceSuite APIs (PolicyCenter, BillingCenter, ClaimCenter) via Cloud APIs and JSON-RPC services.Collaborate with UX designers using Figma to deliver branded, accessible, and responsive interfaces Use Jutro CLI and Jutro Web Apps Console to manage app lifecycle from development to production Participate in Agile ceremonies, sprint planning, and peer code reviews.Ensure compliance with accessibility, performance, and security standards.Maintain technical documentation and contribute to reusable component libraries.Your ProfileFront-end development experience, with at least 4 years in Guidewire Jutro or Digital Portal development.Strong proficiency in ReactJS, JavaScript (ES6+), TypeScript, HTML, and CSS.Experience with React Hooks, Functional Components, and state management.Familiarity with Guidewire Cloud Platform, Edge APIs, and Advanced Product Designer (APD).Hands-on experience with Jutro SDK, Jutro CLI, and Jutro Web Apps Console.Understanding of RESTful APIs, JSON, and microservices architecture.Proficient with Git, Jira, Jenkins, and CI/CD pipelines..What you will love about working hereOpportunity to work on large-scale Guidewire transformation programs for global P&C insurance clients.Structured learning, certifications, and continuous upskilling opportunities in insurance platforms and emerging technologies.A collaborative and inclusive culture focused on innovation, delivery excellence, and client value.Capgemini is an AI-powered global business and technology transformation partner, delivering tangible business value. We imagine the future of organizations and make it real with AI, technology and people. With our strong heritage of nearly 60 years, we are a responsible and diverse group of over 420,000 team members in more than 50 countries. We deliver end-to-end services and solutions with our deep industry expertise and strong partner ecosystem, leveraging our capabilities across strategy, technology, design, engineering and business operations. The Group reported 2025 global revenues of €22.5 billion.Capgemini in India comprises nearly 235,000 team members working across 13 locations: Bangalore, Bhubaneswar, Chennai, Coimbatore, Gandhinagar, Gurugram, Hyderabad, Kolkata, Mumbai, Noida, Pune, Salem, and Tiruchirappalli.Make it real | www.capgemini.com/in-en"
Palantir Data Engineer,Bangalore,Capgemini Invent,Permanent,Experienced Professionals,https://careers.capgemini.com/job/Bangalore-Palantir-Data-Engineer/1412119633/?feedId=388633&utm_source=CareerSite&tcsource=apply,"At Capgemini Invent, we believe difference drives change. As inventive transformation consultants, we blend our strategic, creative and scientific capabilities, collaborating closely with clients to deliver cutting-edge solutions. Join us to drive transformation tailored to our client's challenges of today and tomorrow. Informed and validated by science and data. Superpowered by creativity and design. All underpinned by technology created with purpose.Your RoleExperience in DevOps, Infrasturcure as a code, DataOps, MLOps. Data warehousing, data modelling and data integration for enterprise data environments. Experience with ETL tools primarily Talend and/or any other Data Integrator tools (Open source / proprietary), extensive experience with SQL and SQL scripting (PL/SQL & SQL query tuning and optimization) for relational databases such as PostgreSQL, Oracle, Microsoft SQL Server and MySQL etc., and on NoSQL like MongoDB and/or document-based databases. Experience in programming languages like Python, Pyspark, JavaScript, Java/ Scala etc.Provides data services for enterprise information strategy solutions - Works with business solutions leaders and teams to collect and translate information requirements into data to develop data-centric solutions.Design and develop modern enterprise data centric solutions (e.g. Palantir, DWH, Data Lake, Data Lakehouse) Responsible for designing of data governance solutions.Your ProfileDesign, create and maintain an optimal data pipeline architecture in Foundry. Identify, design, and implement internal process improvements in FoundryPalantir scheduling jobs for pipeline, monitoring Data pipeline health and configuring health checks and alerts. (Data expectations).Good Understanding and working knowledge on Foundry Tools: Ontology, Contour, Object-explorer, Ontology-Manager, Object-editor using Actions/ Typescript, Code workbook, Code Repository, Foundry ML.Responsible for architecture topics and solution scenarios in the areas of Cloud Data Analytics Platform, Data Engineering, Analytics, Reporting and designing viable architectures based on Palantir, Microsoft Azure, AWS, Snowflake, Google (or similar) and implementing analytics.What you will love about working hereWe recognize the significance of flexible work arrangements to provide support. Be it remote work, or flexible work hours, you will get an environment to maintain healthy work life balance.At the heart of our mission is your career growth. Our array of career growth programs and diverse professions are crafted to support you in exploring a world of opportunities.Equip yourself with valuable certifications in the latest technologies such as Generative AI.Capgemini is a global business and technology transformation partner, helping organizations to accelerate their dual transition to a digital and sustainable world, while creating tangible impact for enterprises and society. It is a responsible and diverse group of 340,000 team members in more than 50 countries. With its strong over 55-year heritage, Capgemini is trusted by its clients to unlock the value of technology to address the entire breadth of their business needs. It delivers end-to-end services and solutions leveraging strengths from strategy and design to engineering, all fueled by its market leading capabilities in AI, generative AI, cloud and data, combined with its deep industry expertise and partner ecosystem."
Sharepoint Developer,Navi Mumbai,Capgemini Invent,Permanent,Experienced Professionals,https://careers.capgemini.com/job/Navi-Mumbai-Sharepoint-Developer/1412096233/?feedId=388633&utm_source=CareerSite&tcsource=apply,"At Capgemini Invent, we believe difference drives change. As inventive transformation consultants, we blend our strategic, creative and scientific capabilities, collaborating closely with clients to deliver cutting-edge solutions. Join us to drive transformation tailored to our client's challenges of today and tomorrow. Informed and validated by science and data. Superpowered by creativity and design. All underpinned by technology created with purpose.Your Role•SharePoint Online (Office 365) Development and Administration. Practical SharePoint Online product experience - configuring, administration, development and deploying solutions•Experience of developing SharePoint sites / pages.Good front end/CSS skills and experience.Experience of integrating SharePoint online with third party applications - using CSOM, JSOM, API etc.•Strong knowledge of SPX Webpart Development, MSFlow,MS Power Apps. Strong knowledge of SharePoint Application models•Strong practical knowledge of SharePoint Search Service, User Profile Service and other Service Applications. Strong practical experience in the use of PowerShell. Your Profile• 9-12 years of progressive work experience in SharePoint development, managing and building portals. SharePoint Online (Office 365) Development and Administration• Experience of undertaking SharePoint BAU Admin activities.Experience taking requirements and generating designs and implementing a final solution• Experience developing SharePoint web parts, site templates, content types.Technical skills for SharePoint : SharePoint online, JavaScript, jQuery, SPFx react js, Power apps , power automate• Excellent client facing experience and communications skills. Ability to work intuitively, along or as part of a team environment What you will love about working hereWe recognize the significance of flexible work arrangements to provide support. Be it remote work, or flexible work hours, you will get an environment to maintain healthy work life balance.At the heart of our mission is your career growth. Our array of career growth programs and diverse professions are crafted to support you in exploring a world of opportunities.Equip yourself with valuable certifications in the latest technologies such as Generative AI.Capgemini is a global business and technology transformation partner, helping organizations to accelerate their dual transition to a digital and sustainable world, while creating tangible impact for enterprises and society. It is a responsible and diverse group of 340,000 team members in more than 50 countries. With its strong over 55-year heritage, Capgemini is trusted by its clients to unlock the value of technology to address the entire breadth of their business needs. It delivers end-to-end services and solutions leveraging strengths from strategy and design to engineering, all fueled by its market leading capabilities in AI, generative AI, cloud and data, combined with its deep industry expertise and partner ecosystem."
Senior Software Engineer,Navi Mumbai,Capgemini,Permanent,Experienced Professionals,https://careers.capgemini.com/job/Navi-Mumbai-Senior-Software-Engineer/1411699433/?feedId=388633&utm_source=CareerSite&tcsource=apply,"Choosing Capgemini means choosing a company where you will be empowered to shape your career in the way you’d like, where you’ll be supported and inspired by a collaborative community of colleagues around the world, and where you’ll be able to reimagine what’s possible. Join us and help the world’s leading organizations unlock the value of technology and build a more sustainable, more inclusive world.Your RoleSkills:3+ years of experience in ArcGIS administration and development.Proficiency in Angular and JavaScript frameworks.Strong Python programming skills, especially in geospatial libraries (e.g., ArcPy, GeoPandas).Experience with REST APIs, web services, and cloud-based GIS deployments.Familiarity with version control systems (e.g., Git) and CI/CD pipelines. Your ProfileResponsibilities:ArcGIS AdministrationManage ArcGIS Enterprise and ArcGIS Online environments.Perform upgrades, patches, and routine maintenance of ArcGIS Server, Portal, and Data Store.Monitor system performance and troubleshoot issues related to GIS infrastructure.Ensure security compliance and manage user roles and permissions.ArcGIS-Based DevelopmentDesign and develop custom GIS applications using ArcGIS API for JavaScript and ArcGIS Pro SDK.Create and manage web maps, feature services, and geoprocessing tools.Implement spatial analysis workflows and data visualization solutions.Web Integration with AngularDevelop responsive web applications integrating ArcGIS maps and spatial tools using Angular.Build custom UI components and tools for enhanced user interaction with maps.Collaborate with UI/UX designers to ensure seamless integration of GIS features.Python Scripting & ServicesDevelop Python scripts for data processing, ETL workflows, and geospatial analysis.Create RESTful services using Flask or FastAPI to support GIS operations.Automate routine GIS tasks and support backend data pipelines.What you''ll love about working here :We’re committed to ensure that people of all backgrounds feel encouraged and have a sense of belonging at Capgemini. You are valued for who you are, and you can bring your original self to work.Every Monday, kick off the week with a musical performance by our in-house band - The Rubber Band. Also get to participate in internal sports events, yoga challenges, or marathons.At Capgemini, you can work on cutting -edge projects in tech and engineering with industry leaders or create solutions to overcome societal and environmental challenges.Capgemini is an AI-powered global business and technology transformation partner, delivering tangible business value. We imagine the future of organizations and make it real with AI, technology and people. With our strong heritage of nearly 60 years, we are a responsible and diverse group of 420,000 team members in more than 50 countries. We deliver end-to-end services and solutions with our deep industry expertise and strong partner ecosystem, leveraging our capabilities across strategy, technology, design, engineering and business operations. The Group reported 2024 global revenues of €22.1 billion.Make it real | www.capgemini.com"
Playwright Test Automation,Bangalore,Capgemini Engineering,Permanent,Experienced Professionals,https://careers.capgemini.com/job/Bangalore-Playwright-Test-Automation/1408163333/?feedId=388633&utm_source=CareerSite&tcsource=apply,"Choosing Capgemini means choosing a company where you will be empowered to shape your career in the way you’d like, where you’ll be supported and inspired by a collaborative community of colleagues around the world, and where you’ll be able to reimagine what’s possible. Join us and help the world’s leading organizations unlock the value of technology and build a more sustainable, more inclusive world. Your RoleDesign, develop, and maintain UI automation scripts using Playwright and Selenium WebDriver.Implement API automation using Rest Assured for validating RESTful services.Create and execute end‑to‑end test scenarios for both web and API applications.Integrate automated tests into CI/CD pipelines using tools such as Jenkins, Azure DevOps, and Git.Collaborate closely with developers, QA engineers, and product teams to define test strategies and acceptance criteria.Ensure high‑quality software delivery by contributing to test planning, automation strategy, and continuous improvement initiatives.Your Profile6+yrs strong programming skills in Java, with a solid understanding of automation best practices.Hands‑on experience with Playwright and Selenium WebDriver for UI automation.Expertise in API testing using Rest Assured.Good understanding of HTTP/REST, JSON/XML, and web services.Familiarity with CI/CD tools such as Jenkins and Azure DevOps, and version control using Git.Knowledge of SQL for data validation and backend testing.Experience working in Agile/Scrum environments.What will you love working at Capgemini?Opportunity to work on cutting‑edge automation frameworks with modern tools like Playwright, Selenium, and Rest Assured.Exposure to global Agile delivery teams and enterprise‑level automation pipelines.Structured learning programs, certifications, and continuous upskilling opportunities.Collaborative and innovation-led culture focused on engineering excellence and quality‑first delivery.Capgemini is an AI-powered global business and technology transformation partner, delivering tangible business value. We imagine the future of organizations and make it real with AI, technology and people. With our strong heritage of nearly 60 years, we are a responsible and diverse group of 420,000 team members in more than 50 countries. We deliver end-to-end services and solutions with our deep industry expertise and strong partner ecosystem, leveraging our capabilities across strategy, technology, design, engineering and business operations. The Group reported 2024 global revenues of €22.1 billion.Make it real | www.capgemini.com"
Playwright Automation,Hyderabad,Capgemini Engineering,Permanent,Experienced Professionals,https://careers.capgemini.com/job/Hyderabad-Playwright-Automation/1389859133/?feedId=388633&utm_source=CareerSite&tcsource=apply,"Your RoleDesign, develop, and maintain UI automation scripts using Playwright and Selenium WebDriver.Implement API automation using Rest Assured for validating RESTful services.Create and execute end‑to‑end test scenarios for both web and API applications.Integrate automated tests into CI/CD pipelines using tools such as Jenkins, Azure DevOps, and Git.Collaborate closely with developers, QA engineers, and product teams to define test strategies and acceptance criteria.Ensure high‑quality software delivery by contributing to test planning, automation strategy, and continuous improvement initiatives. Your Profile 6+yrs strong programming skills in Java, with a solid understanding of automation best practices.Hands‑on experience with Playwright and Selenium WebDriver for UI automation.Expertise in API testing using Rest Assured.Good understanding of HTTP/REST, JSON/XML, and web services.Familiarity with CI/CD tools such as Jenkins and Azure DevOps, and version control using Git.Knowledge of SQL for data validation and backend testing.Experience working in Agile/Scrum environments.  What will you love working at Capgemini?Exposure to global Agile delivery teams and enterprise‑level automation pipelines.Structured learning programs, certifications, and continuous upskilling opportunities.Collaborative and innovation-led culture focused on engineering excellence and quality‑first delivery."
Microsoft Dynamics,Bangalore,Capgemini,Permanent,Experienced Professionals,https://careers.capgemini.com/job/Bangalore-Microsoft-Dynamics/1162235601/?feedId=388633&utm_source=CareerSite&tcsource=apply,"Choosing Capgemini means choosing a company where you will be empowered to shape your career in the way you’d like, where you’ll be supported and inspired by a collaborative community of colleagues around the world, and where you’ll be able to reimagine what’s possible. Join us and help the world’s leading organizations unlock the value of technology and build a more sustainable, more inclusive world. Job DescriptionYour RoleWe are seeking an experienced Dynamics 365 CE / Power Platform Developer to design, develop, customize, and extend Microsoft Business Applications. The role involves hands‑on technical development across Dynamics 365 CE, Power Apps, Power Automate, Dataverse, and Azure integrations. You will collaborate with functional teams to deliver scalable, secure, and high‑quality solutions.In This Role, You Will:  Deep expertise in Dynamics 365 CE modules, customization, and extension frameworks. Strong command over Dataverse, data modeling, relationship patterns, and security architecture.Advanced Power Platform experience across Canvas Apps, Model‑Driven Apps, Power Automate, and governance Strong technical capabilities in C# (Plugins), PCF components, JavaScript/TypeScript.Architect-level experience with Azure Integration Services, event-driven architectures, and API ecosystems.Hands-on experience defining solution architecture blueprints, NFRs, and integration patterns.Strong DevOps and ALM experience using Azure DevOps, pipelines, Git, and solution lifecycle management.Provide technical governance—code reviews, performance optimization, solution quality checks.Collaborate with business & functional consultants on requirement analysis, feasibility, and impact assessments.Lead estimation, technical planning, sprint architecture, and delivery oversight.Support complex troubleshooting across environments and guide teams on best practices.Mentor developers and serve as a trusted advisor on Microsoft Business Applications.Technical Expertise:Strong experience in Microsoft Dynamics 365 CE (CRM) customizations & extensions.Proficiency in Power Apps, Power Automate, Dataverse, and Power Platform components.Hands‑on experience in C#, JavaScript, Plugins, PCFNice to HaveExperience with Power Pages.Knowledge of Azure DevOps YAML pipelines.Microsoft Certifications: PL‑600, PL‑400, AZ‑305, MB‑60Experience with CI/CD for Power Platform.Capgemini is a global business and technology transformation partner, helping organizations to accelerate their dual transition to a digital and sustainable world, while creating tangible impact for enterprises and society. It is a responsible and diverse group of 340,000 team members in more than 50 countries. With its strong over 55-year heritage, Capgemini is trusted by its clients to unlock the value of technology to address the entire breadth of their business needs. It delivers end-to-end services and solutions leveraging strengths from strategy and design to engineering, all fueled by its market leading capabilities in AI, generative AI, cloud and data, combined with its deep industry expertise and partner ecosystem."
Senior Test Automation Engineer,Bangalore,Capgemini Engineering,Permanent,Experienced Professionals,https://careers.capgemini.com/job/Bangalore-Senior-Test-Automation-Engineer/1410613533/?feedId=388633&utm_source=CareerSite&tcsource=apply,"RoleAs a Test Automation Engineer, I am responsible for the automated verification and validation of software products throughout the development lifecycle. I possess strong technical expertise in test automation, programming, test frameworks, environments, and quality assurance methodologies, enabling me to design, develop, and maintain robust automated testing solutions.My experience includes:Designing and implementing scalable test automation frameworks.Creating and executing automated test scripts for functional, integration, regression, API, UI, and end-to-end testing.Collaborating closely with developers, business analysts, and product teams to ensure product quality from early development stages.Identifying, documenting, and tracking defects while supporting root-cause analysis.Integrating automated tests into CI/CD pipelines to enable continuous testing and faster feedback cycles.Managing and configuring test environments and test data to support reliable and repeatable test execution.Applying industry-standard testing methodologies, best practices, and quality metrics.I have hands-on experience with modern automation tools and technologies and can independently evaluate, select, and implement the most effective automation approach for a project. My solid understanding of test techniques, software development processes, and quality engineering principles allows me to deliver efficient and maintainable automation solutions.In addition, I continuously stay informed about the latest trends, tools, frameworks, and emerging technologies in test automation, ensuring that testing practices remain innovative, effective, and aligned with industry standards.Key CompetenciesTest Automation Framework DesignUI, API, and End-to-End TestingProgramming and ScriptingCI/CD IntegrationTest Strategy and PlanningDefect ManagementQuality Assurance MethodologiesAgile and DevOps PracticesTest Environment ManagementContinuous Improvement and InnovationThis profile reflects a professional who can independently drive automation initiatives, improve software quality, and contribute to efficient and reliable software delivery.Job DescriptionAs a Playwright Automation Engineer, I am responsible for designing, developing, and maintaining automated test solutions using Playwright to ensure the quality, reliability, and performance of web applications. I work closely with developers, QA teams, business analysts, and product owners to deliver high-quality software through automated verification and validation processes.Key ResponsibilitiesDesign and develop scalable test automation frameworks using Playwright with TypeScript/JavaScript.Create and execute automated test scripts for UI, functional, regression, integration, and end-to-end testing.Build and maintain reusable test components, utilities, and libraries to improve automation efficiency.Integrate automated test suites into CI/CD pipelines using tools such as Azure DevOps, GitHub Actions, or Jenkins.Perform cross-browser and cross-platform testing across Chromium, Firefox, and WebKit browsers.Develop and execute API automation tests to validate backend services and integrations.Analyze test execution results, identify defects, and collaborate with development teams for timely resolution.Maintain test environments, test data, and automation infrastructure.Generate and review automation reports, dashboards, and quality metrics.Participate in Agile ceremonies, including sprint planning, backlog refinement, and retrospectives.Continuously evaluate and implement automation best practices, tools, and technologies.Required SkillsStrong hands-on experience with Playwright Automation Framework.Proficiency in TypeScript/JavaScript programming.Experience with Page Object Model (POM) and framework design principles.Knowledge of software testing methodologies and QA processes.Experience with API testing tools such as Playwright API testing, Postman, or REST Assured.Understanding of CI/CD concepts and DevOps practices.Experience with source control systems such as Git.Strong debugging, analytical, and problem-solving skills.Familiarity with Agile/Scrum development methodologies.Preferred SkillsExperience with Azure DevOps, Jenkins, or GitHub Actions.Knowledge of SQL and database testing.Experience with performance and security testing concepts.Exposure to cloud platforms such as Azure or AWS.Familiarity with BDD tools such as Cucumber.Professional SummaryAs a Playwright Automation Engineer, I independently design and implement robust automation solutions that improve test coverage, accelerate release cycles, and enhance software quality. I stay current with emerging trends in test automation and continuously optimize frameworks and processes to support efficient, reliable, and scalable testing across the software development lifecycle."
Technical Architect,Pune,Capgemini,Permanent,Experienced Professionals,https://careers.capgemini.com/job/Pune-Technical-Architect/1408355433/?feedId=388633&utm_source=CareerSite&tcsource=apply,"Choosing Capgemini means choosing a company where you will be empowered to shape your career in the way you’d like, where you’ll be supported and inspired by a collaborative community of colleagues around the world, and where you’ll be able to reimagine what’s possible. Join us and help the world’s leading organizations unlock the value of technology and build a more sustainable, more inclusive world.  Your RoleWe are currently seeking an experienced professional to join our team in the role of Cards Tech SME. • Understand the Design and Requirements and develop and execute custom application features and functions • Understand the BRD and break the requirements into MVP’s and stories • Strong knowledge of more than 1 Card products • Accountable for end-to-end solution design; strategically aligned, cost effective architecture solutions that adhere to platform architecture roadmaps and overall enterprise architecture strategy • Working alongside a wide range of stakeholders, providing architecture direction and leadership to teams • Create relationships with sponsors to define and support business strategy and technology roadmaps • Able to manage risk; Effectively manage and escalate risks and issues • Ensure relevant architecture governance and standards are met • Mentor and support others • Partner with external suppliers to define architecture patterns and integration approaches • Stay up to date with technology trends and communicate to peers and stakeholders To be successful in this role, you should meet the following requirements: • 10+ experience in development and maintenance of complex banking applications such as credit card processing. Your ProfileSignificant background in financial services or related industry. Lending or Cards experience is considered a plus. • Experience in delivering solutions over a number of years either as an architect or in roles other than architecture • Proven ability to deliver in a matrixed organisation, including working collaboratively and resolving conflicts • Able to work with ambiguous problems and create solutions through excellent analytical and problem-solving skills • Comfortable collaborating with a range of stakeholders to develop solutions, across both business and IT organisations • Knowledge of, or certification in at least one cloud platform • Excellent written and verbal communication skills, with the ability to adapt communications appropriately to the audience • Awareness of infrastructure, integration, data, messaging or security are also relevant technical skills. • Ability to be pragmatic, flexible, have a sense of ownership, develop networks, and be culturally sensitive are also relevant personal attributes. • Digital Banking Retail Experience (Cards or Loans preferable) • Full stack solution design skills (Web, App, API, Orchestration, Java, Kafka Streaming • Cyber security mindset • Resilient and High Availability design experience • Cloud Certification.What you'll love about working hereWe offer a range of career paths and internal opportunities within Capgemini group.You will get comprehensive wellness benefits including health checks, telemedicine, insurance with top-ups, elder care, partner coverage or new parent support via flexible work.At Capgemini, you can work on cutting-edge projects in tech and engineering with industry leaders or create solutions to overcome societal and environmental challenges.Capgemini is an AI-powered global business and technology transformation partner, delivering tangible business value. We imagine the future of organizations and make it real with AI, technology and people. With our strong heritage of nearly 60 years, we are a responsible and diverse group of 420,000 team members in more than 50 countries. We deliver end-to-end services and solutions with our deep industry expertise and strong partner ecosystem, leveraging our capabilities across strategy, technology, design, engineering and business operations. The Group reported 2024 global revenues of €22.1 billion.Make it real | www.capgemini.comCapgemini – home page – Make it realA global leader in consulting, technology services and digital transformation, we offer an array of integrated services combining technology with deep sector expertise.  "
SDET( Selenium+Java+API Testing + Rest assured),Hyderabad,Capgemini Engineering,Permanent,Experienced Professionals,https://careers.capgemini.com/job/Hyderabad-SDET%28-Selenium%2BJava%2BAPI-Testing-%2B-Rest-assured%29/1401206033/?feedId=388633&utm_source=CareerSite&tcsource=apply,"Job DescriptionAs Test Automation Engineer, you are involved in the automated verification and validation of products made by engineers in a development process. Your technical and professional knowledge of Test Automation, programming, test environments and methodologies is solid. With your knowledge and experience with one or more test tools and test techniques, you can independently design and execute test automation solutions. You follow the latest developments in your field and you know what is going on.Job Description - Grade SpecificAs a QA Automation Expert, you are expected to develop automation solutions, create tools strategy, create automation approach, evaluate tools, perform technical feasibility, build business cases ROI and estimate automation effort. You are expected to implement automation solutions in different projects and deliver costoreffort savings to customer. You are expected to work independently, if required, to provide consultancy services to customers."
SDET( Selenium+Java+API Testing + Rest assured),Hyderabad,Capgemini Engineering,Permanent,Experienced Professionals,https://careers.capgemini.com/job/Hyderabad-SDET%28-Selenium%2BJava%2BAPI-Testing-%2B-Rest-assured%29/1400149833/?feedId=388633&utm_source=CareerSite&tcsource=apply,"Job DescriptionAs Test Automation Engineer, you are involved in the automated verification and validation of products made by engineers in a development process. Your technical and professional knowledge of Test Automation, programming, test environments and methodologies is solid. With your knowledge and experience with one or more test tools and test techniques, you can independently design and execute test automation solutions. You follow the latest developments in your field and you know what is going on.Job Description - Grade SpecificAs a QA Automation Expert, you are expected to develop automation solutions, create tools strategy, create automation approach, evaluate tools, perform technical feasibility, build business cases ROI and estimate automation effort. You are expected to implement automation solutions in different projects and deliver costoreffort savings to customer. You are expected to work independently, if required, to provide consultancy services to customers."
Camunda,Chennai (ex Madras),Capgemini,Permanent,Executives,https://careers.capgemini.com/job/Chennai-%28ex-Madras%29-Camunda/1408290533/?feedId=388633&utm_source=CareerSite&tcsource=apply,"Choosing Capgemini means choosing a company where you will be empowered to shape your career in the way you’d like, where you’ll be supported and inspired by a collaborative community of colleagues around the world, and where you’ll be able to reimagine what’s possible. Join us and help the world’s leading organizations unlock the value of technology and build a more sustainable, more inclusive world. Your RoleDesign and implement business workflows using BPMN 2.0 and Camunda ModelerDevelop microservices and APIs integrated with CamundaConfigure and manage Camunda Engine, Tasklist, Cockpit, and OptimizeTranslate business requirements into automated workflows and decision models (DMN)Integrate Camunda with external systems (REST APIs, messaging systems like Kafka, etc.)Monitor and troubleshoot process execution issues and performance bottlenecksParticipate in code reviews, testing, and deployment pipelinesEnsure best practices in workflow design, scalability, and reusabilityWork closely with business analysts and stakeholdersYour ProfileSkilled Camunda Developer with strong expertise in designing and implementing business workflows using BPMN 2.0 and Camunda Modeler. Proficient in developing scalable microservices and RESTful APIs using Java and Spring Boot, with hands-on experience in integrating Camunda with external systems such as REST APIs and messaging platforms like Kafka.Experienced in translating business requirements into automated workflows and decision models (DMN), ensuring efficient and optimized process orchestration. Adept at configuring and managing Camunda components including Engine, Tasklist, Cockpit, and Optimize.What you'll love about working hereWe offer a range of career paths and internal opportunities within Capgemini group. You will get comprehensive wellness benefits including health checks, telemedicine, insurance with top-ups, elder care, partner coverage or new parent support via flexible work.At Capgemini, you can work on cutting-edge projects in tech and engineering with industry leaders or create solutions to overcome societal and environmental challenges.  Capgemini is an AI-powered global business and technology transformation partner, delivering tangible business value. We imagine the future of organizations and make it real with AI, technology and people. With our strong heritage of nearly 60 years, we are a responsible and diverse group of 420,000 team members in more than 50 countries. We deliver end-to-end services and solutions with our deep industry expertise and strong partner ecosystem, leveraging our capabilities across strategy, technology, design, engineering and business operations. The Group reported 2024 global revenues of €22.1 billion.Make it real | www.capgemini.com"
PLM Solution Architect Teamcenter,Bangalore,Capgemini Engineering,Permanent,Experienced Professionals,https://careers.capgemini.com/job/Bangalore-PLM-Solution-Architect-Teamcenter/1408837733/?feedId=388633&utm_source=CareerSite&tcsource=apply,"At Capgemini Engineering, the world leader in engineering services, we bring together a global team of engineers, scientists, and architects to help the world’s most innovative companies unleash their potential. From autonomous cars to life-saving robots, our digital and software technology experts think outside the box as they provide unique R&D and engineering services across all industries. Join us for a career full of opportunities. Where you can make a difference. Where no two days are the same.Your Role Propose and designing and implementing end to end solution for Teamcenter application based on requirementsWriting design documents for the Teamcenter based implementationSupporting application teams in Teamcenter upgradesSupporting application team in migration of Teamcenter client from RAC to Active workspaceParticipating as team member in IT Software projects using the Teamcenter platformSupporting project team by sharing expertise on how to customize Teamcenter efficientlyIdentifying and proposing optimizations of existing Teamcenter customization   Learning and teaching design & quality standards for Teamcenter customization and ensuring governanceYour Profile Strong knowledge of SDLC, Agile and build to run.Strong customer focus, including the ability to manage customer needs and multiple work priorities.Needs strong oral and written communication, analytical, and problem-solving skills, as well as excellent judgment and self-motivation.Ability to work independently with little to no supervision.C/C++ programming language and TC server side (ITK & SOA) customization.Declarative UI configuration (Active Workspace) and Customization.Good knowledge of web technologies e.g., XSLT, HTML, Java script, JSON, Teamcenter ITK, SOA programming, Web methods & webservice architecture.What you ll love about Working here We recognize the significance of flexible work arrangements to provide support in hybrid mode, you will get an environment to maintain healthy work life balanceOur focus will be your career growth & professional development to support you in exploring the world of opportunities.Equip yourself with valuable certifications & training programmes in the latest technologies such as Gen AICapgemini is a global business and technology transformation partner, helping organizations to accelerate their dual transition to a digital and sustainable world, while creating tangible impact for enterprises and society. It is a responsible and diverse group of 340,000 team members in more than 50 countries. With its strong over 55-year heritage, Capgemini is trusted by its clients to unlock the value of technology to address the entire breadth of their business needs. It delivers end-to-end services and solutions leveraging strengths from strategy and design to engineering, all fueled by its market leading capabilities in AI, generative AI, cloud and data, combined with its deep industry expertise and partner ecosystem."
Business Advisor,Bangalore,Capgemini,Permanent,Experienced Professionals,https://careers.capgemini.com/job/Bangalore-Business-Advisor/1409627633/?feedId=388633&utm_source=CareerSite&tcsource=apply,"Job DescriptionRole OverviewThe organization is seeking an experienced Actimize ActOne Engineer to contribute to the design, development, and implementation of Actimize solutions. This role involves working across the full software development lifecycle and collaborating with cross-functional teams to deliver high-quality solutions. Key ResponsibilitiesDesign, develop, and maintain solutions using Nice Actimize (ActOne platform)Work extensively with Java and SQL for application development and data handlingParticipate in all phases of the Software Development Lifecycle (SDLC) including:Business requirements analysisData analysis and data modelingDevelopment, testing, and deploymentCollaborate with stakeholders to translate business requirements into technical solutionsEnsure quality, scalability, and performance of applicationsRequired Skills & QualificationsHands-on experience with Actimize ActOne platformStrong proficiency in Java and SQLUnderstanding of data architecture, modeling, and analysisExperience working across end-to-end SDLC phasesStrong verbal and written communication skillsExcellent interpersonal and collaboration abilitiesProfessional and proactive approach to problem-solvingPreferred QualificationsExperience in financial crime, risk, or compliance solutions (Actimize domain is a plus)Ability to work in a fast-paced, dynamic environment"
Lead Software Engineer,Hyderabad,Capgemini,Permanent,Experienced Professionals,https://careers.capgemini.com/job/Hyderabad-Lead-Software-Engineer/1380284233/?feedId=388633&utm_source=CareerSite&tcsource=apply,"About the RoleWe are seeking a highly skilled Java Bilingual Developer with strong expertise in enterprise application development and professional Japanese language proficiency (JLPT N3 or above). This role involves leading technical initiatives, interacting directly with Japanese clients, and delivering high‑quality solutions in a fast-paced global environment.Key responsibilitiesLead the design, development, and enhancement of enterprise-grade applications using Java and modern frameworks.Drive and influence architectural decisions, ensuring best practices, performance, scalability, and security.Collaborate closely with Japanese-speaking clients and internal teams for requirements, technical discussions, and solution delivery.Translate technical documentation and provide bilingual communication support (English ↔ Japanese).Mentor and guide junior developers; perform code reviews and ensure coding standards.Support continuous improvement of development processes, DevOps pipelines, and cloud adoption.Skills/QualificationTechnical ExpertiseStrong proficiency in Java, Spring Boot, Hibernate, and Microservices Architecture.Experience building and consuming RESTful APIs.Hands-on exposure to AWS or Azure cloud environments.Familiarity with CI/CD pipelines, Git, Maven/Gradle, and modern development practices.Language SkillsJapanese proficiency (JLPT N3 or above) with the ability to communicate effectively with Japanese clients.Leadership & Soft SkillsProven ability to lead development teams, manage stakeholders, and deliver complex technical projects.Excellent communication, problem‑solving, and interpersonal skills.Preferred QualificationsExperience working with Japanese clients or in global delivery models.Knowledge of Agile/Scrum methodologies.Familiarity with the Azure ecosystem and cloud services.What you’ll love about working hereYou can shape your career with us. We offer a range of career paths and internal opportunities within Capgemini Group, along with personalized career guidance.Comprehensive wellness benefits including health checks, telemedicine, insurance top‑ups, elder care, partner coverage, and new‑parent support through flexible work.Work on cutting‑edge technology and engineering projects with industry leaders or contribute to solutions addressing societal and environmental challenges.Capgemini is an AI‑powered global business and technology transformation partner, delivering tangible business value. With nearly 60 years of innovation, our diverse team of 420,000+ experts operates across 50+ countries, leveraging deep industry knowledge and a strong partner ecosystem.Make it realwww.capgemini.com"
Salesforce Marketing Cloud & Personalization Specialist,Navi Mumbai,Capgemini,Permanent,Experienced Professionals,https://careers.capgemini.com/job/Navi-Mumbai-Salesforce-Marketing-Cloud-&-Personalization-Specialist/1385243333/?feedId=388633&utm_source=CareerSite&tcsource=apply,"Choosing Capgemini means choosing a company where you will be empowered to shape your career in the way you’d like, where you’ll be supported and inspired by a collaborative community of colleagues around the world, and where you’ll be able to reimagine what’s possible. Join us and help the world’s leading organizations unlock the value of technology and build a more sustainable, more inclusive world. Your RoleWe are looking for an experienced Salesforce Marketing Cloud (SFMC) + Marketing Cloud Personalization (MCP) Developer with 4–12 years of experience to design and deliver personalized, data‑driven marketing solutions. You will work closely with business and marketing teams to build automated campaigns, real‑time personalization, and scalable customer journeys across multiple business units.Your ProfileDesign and develop SFMC solutions using AMPscript, SQL, and SSJS, including responsive emails and Cloud Pages built with HTML, CSS, and JavaScript.Work across Marketing Cloud Studios and Builders such as Email Studio, Journey Builder, Automation Studio, MobileConnect, and Marketing Cloud Personalization (MCP) to enable real‑time and 1:1 personalization.Demonstrate strong understanding of SFMC contact data model, audience configuration, and journey orchestration at scale.Implement integrations using REST/SOAP APIs and translate business requirements into scalable technical solutions.Collaborate effectively with non‑technical stakeholders and deliver solutions across multiple business units.Mandatory: Hands‑on SFMC development (AMPscript + SQL + SSJS) with experience in Marketing Cloud Personalization (MCP) and SFMC certification.What you'll love about working hereYou can shape your career with us. We offer a range of career paths and internal opportunities within Capgemini group. You will also get personalized career guidance from our leaders.You will get comprehensive wellness benefits including health checks, telemedicine, insurance with top-ups, elder care, partner coverage or new parent support via flexible work.At Capgemini, you can work on cutting-edge projects in tech and engineering with industry leaders or create solutions to overcome societal and environmental challenges.Capgemini is an AI-powered global business and technology transformation partner, delivering tangible business value. We imagine the future of organizations and make it real with AI, technology and people. With our strong heritage of nearly 60 years, we are a responsible and diverse group of 420,000 team members in more than 50 countries. We deliver end-to-end services and solutions with our deep industry expertise and strong partner ecosystem, leveraging our capabilities across strategy, technology, design, engineering and business operations. The Group reported 2024 global revenues of €22.1 billion.Make it real | www.capgemini.com"
Java developer,Chennai (ex Madras),Capgemini,Permanent,Experienced Professionals,https://careers.capgemini.com/job/Chennai-%28ex-Madras%29-Java-developer/1389068533/?feedId=388633&utm_source=CareerSite&tcsource=apply,"Job DescriptionJob Description - Grade SpecificIs fully competent in its own area and has a deep understanding of related programming concepts software design and software development principles. Works autonomously with minimal supervision. Able to act as a key contributor in a complex environment, lead the activities of a team for software design and software development. Acts proactively to understand internalorexternal client needs and offers advice even when not asked. Able to assess and adapt to project issues, formulate innovative solutions, work under pressure and drive team to succeed against its technical and commercial goals. Aware of profitability needs and may manage costs for specific projectorwork area. Explains difficult concepts to a variety of audiences to ensure meaning is understood. Motivates other team members and creates informal networks with key contacts outside own area."
Java selenium Engineer,Chennai (ex Madras),Capgemini Engineering,Permanent,Experienced Professionals,https://careers.capgemini.com/job/Chennai-%28ex-Madras%29-Java-selenium-Engineer/1395059133/?feedId=388633&utm_source=CareerSite&tcsource=apply,"Job DescriptionAs Test Automation Engineer, you are involved in the automated verification and validation of products made by engineers in a development process. Your technical and professional knowledge of Test Automation, programming, test environments and methodologies is solid. With your knowledge and experience with one or more test tools and test techniques, you can independently design and execute test automation solutions. You follow the latest developments in your field and you know what is going on.Job Description - Grade SpecificAs a Senior QA Automation Engineer, you are required to have experience working on different automation tools such as UFT and Selenium. In addition to developing and executing automation scripts, you are also expected to resolve technical issues wrt automation, provide input to improve effectiveness. You are also expected to mentor junior engineers."
Teamcenter Enterprise Architect,Bangalore,Capgemini Engineering,Permanent,Experienced Professionals,https://careers.capgemini.com/job/Bangalore-Teamcenter-Enterprise-Architect/1388265433/?feedId=388633&utm_source=CareerSite&tcsource=apply,"At Capgemini Engineering, the world leader in engineering services, we bring together a global team of engineers, scientists, and architects to help the world’s most innovative companies unleash their potential. From autonomous cars to life-saving robots, our digital and software technology experts think outside the box as they provide unique R&D and engineering services across all industries. Join us for a career full of opportunities. Where you can make a difference. Where no two days are the same.Your RoleStrong hands-on expertise with Teamcenter Enterprise (TCE) architecture.Experience with ITK, C/C++, Java, TCL, Perl, Shell scripting.Knowledge of Teamcenter Enterprise Data Model, ECO/ECR, workflow designer.Strong understanding of PLM concepts: Item Revisions, BOM, Change Management, Lifecycle, Access control.Experience with Oracle/SQL Server, writing queries, stored procedures.Familiarity with CAD integrations and multi-CAD environments.Your ProfileHands-on experience with TCE data extraction, transformation, and loading.Experience in TCE upgrades (e.g., Teamcenter Enterprise → Teamcenter Unified).What you ll love about working hereWe recognize the significance of flexible work arrangements to provide support in hybrid mode, you will get an environment to maintain healthy work life balanceOur focus will be your career growth & professional development to support you in exploring the world of opportunities.Equip yourself with valuable certifications & training programmes in the latest technologies such as Gen AICapgemini is a global business and technology transformation partner, helping organizations to accelerate their dual transition to a digital and sustainable world, while creating tangible impact for enterprises and society. It is a responsible and diverse group of 340,000 team members in more than 50 countries. With its strong over 55-year heritage, Capgemini is trusted by its clients to unlock the value of technology to address the entire breadth of their business needs. It delivers end-to-end services and solutions leveraging strengths from strategy and design to engineering, all fueled by its market leading capabilities in AI, generative AI, cloud and data, combined with its deep industry expertise and partner ecosystem."
Design Authority Leader for ADM,Navi Mumbai,Capgemini,Permanent,Experienced Professionals,https://careers.capgemini.com/job/Navi-Mumbai-Design-Authority-Leader-for-ADM/1288742701/?feedId=388633&utm_source=CareerSite&tcsource=apply,"The OpportunityCapgemini is seeking a Director/Sr Director level executive leads/frontline leaders .We are offering a high‑impact leadership opportunity for an accomplished technology executive to shape and lead large-scale, multi‑tower Application Development & Maintenance (ADM) programs for some of our most strategic global clients. This role is ideal for a seasoned leader who thrives at the intersection of technology, transformation, customer engagement, and business strategy.As part of our senior Delivery Leadership team, you will play a pivotal role in driving innovation, operational excellence, AI-led optimization, and large-program governance within our ADM portfolio. You will influence key customer decisions, steer major delivery programs, and collaborate with cross-business leaders to strengthen our value proposition and accelerate growthIdeal Candidate He/She/They will have 20+ Years of experience with a strong project track record This person is motivated to deliver high-quality work to drive customer satisfaction. They use their intellect, insight, and ability to build creative solutions with clients and colleagues while embracing a collaborative mindset. Key qualifications include:Must have 22+ years of experience in delivery of large & multi tower complex ADM projects (TCV: 50 M+)Exposure to complete AM lifecycle of i.e. Solutioning, Transition, Steady state & Optimization, Run & Build Design Thinking & innovative mindset with ability to drive strategic initiatives for ADM portfolioDesigned & developed tools & accelerators for ADM Application landscape Hands-on experience with AI/ML & GenAI for asset development & implementation with a team of 15 – 20 peopleGood background working with technologies & Architecture frameworks - .Net, Java, SFDC, Microservices, SAP/Package based Apps, non-SAP ApplicationsAdditional ResponsibilitiesAbility to support ADM deals with reviews and participation in customer orals with presentations, demosAbility to make a comparative analysis in a diverse scenario and provide a strong recommendation with pros & consMindset and focus in bringing productivity and cost savings in an ADM landscape through new leversAbility to collaborate across different business lines & Group – Infra, Digital customer experience, Insights & Data and more importantly with Account Leaders & Delivery HeadsCrisp & data driven in management reporting for Leadership meetingsShould be bold and have good decision-making skills with the ability to assess risks and mitigationsHas a good understanding of managing financials and planning for running programsGood articulation skills for customer and internal connects"
